/*
 Navicat Premium Data Transfer

 Source Server         : Local
 Source Server Type    : MySQL
 Source Server Version : 80031 (8.0.31)
 Source Host           : 127.0.0.1:3306
 Source Schema         : guigu-oa

 Target Server Type    : MySQL
 Target Server Version : 80031 (8.0.31)
 File Encoding         : 65001

 Date: 07/05/2023 12:39:58
*/

SET NAMES utf8mb4;
SET FOREIGN_KEY_CHECKS = 0;

-- ----------------------------
-- Table structure for ACT_EVT_LOG
-- ----------------------------
DROP TABLE IF EXISTS `ACT_EVT_LOG`;
CREATE TABLE `ACT_EVT_LOG` (
  `LOG_NR_` bigint NOT NULL AUTO_INCREMENT,
  `TYPE_` varchar(64) COLLATE utf8mb3_bin DEFAULT NULL,
  `PROC_DEF_ID_` varchar(64) COLLATE utf8mb3_bin DEFAULT NULL,
  `PROC_INST_ID_` varchar(64) COLLATE utf8mb3_bin DEFAULT NULL,
  `EXECUTION_ID_` varchar(64) COLLATE utf8mb3_bin DEFAULT NULL,
  `TASK_ID_` varchar(64) COLLATE utf8mb3_bin DEFAULT NULL,
  `TIME_STAMP_` timestamp(3) NOT NULL,
  `USER_ID_` varchar(255) COLLATE utf8mb3_bin DEFAULT NULL,
  `DATA_` longblob,
  `LOCK_OWNER_` varchar(255) COLLATE utf8mb3_bin DEFAULT NULL,
  `LOCK_TIME_` timestamp(3) NULL DEFAULT NULL,
  `IS_PROCESSED_` tinyint DEFAULT '0',
  PRIMARY KEY (`LOG_NR_`)
) ENGINE=InnoDB DEFAULT CHARSET=utf8mb3 COLLATE=utf8mb3_bin;

-- ----------------------------
-- Records of ACT_EVT_LOG
-- ----------------------------
BEGIN;
COMMIT;

-- ----------------------------
-- Table structure for ACT_GE_BYTEARRAY
-- ----------------------------
DROP TABLE IF EXISTS `ACT_GE_BYTEARRAY`;
CREATE TABLE `ACT_GE_BYTEARRAY` (
  `ID_` varchar(64) COLLATE utf8mb3_bin NOT NULL,
  `REV_` int DEFAULT NULL,
  `NAME_` varchar(255) COLLATE utf8mb3_bin DEFAULT NULL,
  `DEPLOYMENT_ID_` varchar(64) COLLATE utf8mb3_bin DEFAULT NULL,
  `BYTES_` longblob,
  `GENERATED_` tinyint DEFAULT NULL,
  PRIMARY KEY (`ID_`),
  KEY `ACT_FK_BYTEARR_DEPL` (`DEPLOYMENT_ID_`),
  CONSTRAINT `ACT_FK_BYTEARR_DEPL` FOREIGN KEY (`DEPLOYMENT_ID_`) REFERENCES `ACT_RE_DEPLOYMENT` (`ID_`)
) ENGINE=InnoDB DEFAULT CHARSET=utf8mb3 COLLATE=utf8mb3_bin;

-- ----------------------------
-- Records of ACT_GE_BYTEARRAY
-- ----------------------------
BEGIN;
INSERT INTO `ACT_GE_BYTEARRAY` (`ID_`, `REV_`, `NAME_`, `DEPLOYMENT_ID_`, `BYTES_`, `GENERATED_`) VALUES ('1778f848-e8bd-11ed-8e80-581122a46875', 1, 'leave.bpmn20.xml', '1778f847-e8bd-11ed-8e80-581122a46875', 0x3C3F786D6C2076657273696F6E3D22312E302220656E636F64696E673D225554462D38223F3E0A3C646566696E6974696F6E7320786D6C6E733D22687474703A2F2F7777772E6F6D672E6F72672F737065632F42504D4E2F32303130303532342F4D4F44454C2220786D6C6E733A7873693D22687474703A2F2F7777772E77332E6F72672F323030312F584D4C536368656D612D696E7374616E63652220786D6C6E733A7873643D22687474703A2F2F7777772E77332E6F72672F323030312F584D4C536368656D612220786D6C6E733A61637469766974693D22687474703A2F2F61637469766974692E6F72672F62706D6E2220786D6C6E733A62706D6E64693D22687474703A2F2F7777772E6F6D672E6F72672F737065632F42504D4E2F32303130303532342F44492220786D6C6E733A6F6D6764633D22687474703A2F2F7777772E6F6D672E6F72672F737065632F44442F32303130303532342F44432220786D6C6E733A6F6D6764693D22687474703A2F2F7777772E6F6D672E6F72672F737065632F44442F32303130303532342F44492220747970654C616E67756167653D22687474703A2F2F7777772E77332E6F72672F323030312F584D4C536368656D61222065787072657373696F6E4C616E67756167653D22687474703A2F2F7777772E77332E6F72672F313939392F585061746822207461726765744E616D6573706163653D22687474703A2F2F7777772E61637469766974692E6F72672F70726F63657373646566223E0A20203C70726F636573732069643D226C656176652220697345786563757461626C653D2274727565223E0A202020203C73746172744576656E742069643D227369642D42464430344542422D383033382D343435462D394639392D453035423638383330414438223E3C2F73746172744576656E743E0A202020203C757365725461736B2069643D227369642D44453233313631462D413130362D344338332D393343462D31383236314238363236363422206E616D653D22E7BB8FE79086E5AEA1E689B9222061637469766974693A61737369676E65653D22776A6C223E3C2F757365725461736B3E0A202020203C757365725461736B2069643D227369642D39423642413033442D453237392D344332462D383144452D41383036413645353336383622206E616D653D22E4BABAE4BA8BE5AEA1E689B9222061637469766974693A61737369676E65653D226C72736A6C223E3C2F757365725461736B3E0A202020203C656E644576656E742069643D227369642D33413136434642392D363332372D343046432D424236332D434537463139304537454143223E3C2F656E644576656E743E0A202020203C73657175656E6365466C6F772069643D227369642D37323737314134302D323742362D343043442D383633432D3946363246444345433536352220736F757263655265663D227369642D42464430344542422D383033382D343435462D394639392D45303542363838333041443822207461726765745265663D227369642D44453233313631462D413130362D344338332D393343462D313832363142383632363634223E3C2F73657175656E6365466C6F773E0A202020203C73657175656E6365466C6F772069643D227369642D30443833324244422D453836422D344632372D424543322D3032424532363538343845342220736F757263655265663D227369642D44453233313631462D413130362D344338332D393343462D31383236314238363236363422207461726765745265663D227369642D39423642413033442D453237392D344332462D383144452D413830364136453533363836223E3C2F73657175656E6365466C6F773E0A202020203C73657175656E6365466C6F772069643D227369642D41383837373244312D354236452D343642442D384236432D3546364335393141383433312220736F757263655265663D227369642D39423642413033442D453237392D344332462D383144452D41383036413645353336383622207461726765745265663D227369642D33413136434642392D363332372D343046432D424236332D434537463139304537454143223E3C2F73657175656E6365466C6F773E0A20203C2F70726F636573733E0A20203C62706D6E64693A42504D4E4469616772616D2069643D2242504D4E4469616772616D5F6C65617665223E0A202020203C62706D6E64693A42504D4E506C616E652062706D6E456C656D656E743D226C65617665222069643D2242504D4E506C616E655F6C65617665223E0A2020202020203C62706D6E64693A42504D4E53686170652062706D6E456C656D656E743D227369642D42464430344542422D383033382D343435462D394639392D453035423638383330414438222069643D2242504D4E53686170655F7369642D42464430344542422D383033382D343435462D394639392D453035423638383330414438223E0A20202020202020203C6F6D6764633A426F756E6473206865696768743D2233302E30222077696474683D2233302E302220783D223237302E302220793D223135302E30223E3C2F6F6D6764633A426F756E64733E0A2020202020203C2F62706D6E64693A42504D4E53686170653E0A2020202020203C62706D6E64693A42504D4E53686170652062706D6E456C656D656E743D227369642D44453233313631462D413130362D344338332D393343462D313832363142383632363634222069643D2242504D4E53686170655F7369642D44453233313631462D413130362D344338332D393343462D313832363142383632363634223E0A20202020202020203C6F6D6764633A426F756E6473206865696768743D2238302E30222077696474683D223130302E302220783D223336302E302220793D223132352E30223E3C2F6F6D6764633A426F756E64733E0A2020202020203C2F62706D6E64693A42504D4E53686170653E0A2020202020203C62706D6E64693A42504D4E53686170652062706D6E456C656D656E743D227369642D39423642413033442D453237392D344332462D383144452D413830364136453533363836222069643D2242504D4E53686170655F7369642D39423642413033442D453237392D344332462D383144452D413830364136453533363836223E0A20202020202020203C6F6D6764633A426F756E6473206865696768743D2238302E30222077696474683D223130302E302220783D223532352E302220793D223132352E30223E3C2F6F6D6764633A426F756E64733E0A2020202020203C2F62706D6E64693A42504D4E53686170653E0A2020202020203C62706D6E64693A42504D4E53686170652062706D6E456C656D656E743D227369642D33413136434642392D363332372D343046432D424236332D434537463139304537454143222069643D2242504D4E53686170655F7369642D33413136434642392D363332372D343046432D424236332D434537463139304537454143223E0A20202020202020203C6F6D6764633A426F756E6473206865696768743D2232382E30222077696474683D2232382E302220783D223637352E302220793D223135312E30223E3C2F6F6D6764633A426F756E64733E0A2020202020203C2F62706D6E64693A42504D4E53686170653E0A2020202020203C62706D6E64693A42504D4E456467652062706D6E456C656D656E743D227369642D30443833324244422D453836422D344632372D424543322D303242453236353834384534222069643D2242504D4E456467655F7369642D30443833324244422D453836422D344632372D424543322D303242453236353834384534223E0A20202020202020203C6F6D6764693A776179706F696E7420783D223436302E302220793D223136352E30223E3C2F6F6D6764693A776179706F696E743E0A20202020202020203C6F6D6764693A776179706F696E7420783D223532352E302220793D223136352E30223E3C2F6F6D6764693A776179706F696E743E0A2020202020203C2F62706D6E64693A42504D4E456467653E0A2020202020203C62706D6E64693A42504D4E456467652062706D6E456C656D656E743D227369642D41383837373244312D354236452D343642442D384236432D354636433539314138343331222069643D2242504D4E456467655F7369642D41383837373244312D354236452D343642442D384236432D354636433539314138343331223E0A20202020202020203C6F6D6764693A776179706F696E7420783D223632352E302220793D223136352E30223E3C2F6F6D6764693A776179706F696E743E0A20202020202020203C6F6D6764693A776179706F696E7420783D223637352E302220793D223136352E30223E3C2F6F6D6764693A776179706F696E743E0A2020202020203C2F62706D6E64693A42504D4E456467653E0A2020202020203C62706D6E64693A42504D4E456467652062706D6E456C656D656E743D227369642D37323737314134302D323742362D343043442D383633432D394636324644434543353635222069643D2242504D4E456467655F7369642D37323737314134302D323742362D343043442D383633432D394636324644434543353635223E0A20202020202020203C6F6D6764693A776179706F696E7420783D223330302E302220793D223136352E30223E3C2F6F6D6764693A776179706F696E743E0A20202020202020203C6F6D6764693A776179706F696E7420783D223336302E302220793D223136352E30223E3C2F6F6D6764693A776179706F696E743E0A2020202020203C2F62706D6E64693A42504D4E456467653E0A202020203C2F62706D6E64693A42504D4E506C616E653E0A20203C2F62706D6E64693A42504D4E4469616772616D3E0A3C2F646566696E6974696F6E733E, 0);
INSERT INTO `ACT_GE_BYTEARRAY` (`ID_`, `REV_`, `NAME_`, `DEPLOYMENT_ID_`, `BYTES_`, `GENERATED_`) VALUES ('b81e98f9-e8b9-11ed-a367-581122a46875', 1, '/Users/swcode/Documents/IdeaProjects/guigu-oa-parent/service-oa/target/classes/processes/complete_leave.bpmn20.xml', 'b81e98f8-e8b9-11ed-a367-581122a46875', 0x3C3F786D6C2076657273696F6E3D22312E302220656E636F64696E673D225554462D38223F3E0A3C646566696E6974696F6E7320786D6C6E733D22687474703A2F2F7777772E6F6D672E6F72672F737065632F42504D4E2F32303130303532342F4D4F44454C2220786D6C6E733A7873693D22687474703A2F2F7777772E77332E6F72672F323030312F584D4C536368656D612D696E7374616E63652220786D6C6E733A7873643D22687474703A2F2F7777772E77332E6F72672F323030312F584D4C536368656D612220786D6C6E733A61637469766974693D22687474703A2F2F61637469766974692E6F72672F62706D6E2220786D6C6E733A62706D6E64693D22687474703A2F2F7777772E6F6D672E6F72672F737065632F42504D4E2F32303130303532342F44492220786D6C6E733A6F6D6764633D22687474703A2F2F7777772E6F6D672E6F72672F737065632F44442F32303130303532342F44432220786D6C6E733A6F6D6764693D22687474703A2F2F7777772E6F6D672E6F72672F737065632F44442F32303130303532342F44492220747970654C616E67756167653D22687474703A2F2F7777772E77332E6F72672F323030312F584D4C536368656D61222065787072657373696F6E4C616E67756167653D22687474703A2F2F7777772E77332E6F72672F313939392F585061746822207461726765744E616D6573706163653D22687474703A2F2F7777772E61637469766974692E6F72672F70726F63657373646566223E0A20203C70726F636573732069643D22636F6D706C6574655F6C656176652220697345786563757461626C653D2274727565223E0A202020203C73746172744576656E742069643D227369642D38393146353236412D413038332D344246382D413538412D354441464334363943383138223E3C2F73746172744576656E743E0A202020203C757365725461736B2069643D227369642D34313041374337362D323243442D343536412D424530432D32313243384638423645463122206E616D653D22E680BBE7BB8FE79086E5AEA1E689B9222061637469766974693A61737369676E65653D224A6F6E65223E3C2F757365725461736B3E0A202020203C757365725461736B2069643D227369642D42444636353836442D353130412D344146452D423833372D31393030433532394444373422206E616D653D22E983A8E997A8E7BB8FE79086E5AEA1E689B9222061637469766974693A61737369676E65653D224A65737365223E3C2F757365725461736B3E0A202020203C757365725461736B2069643D227369642D36433845304435322D353238352D343531382D383231322D30413941454135343635453622206E616D653D22E4BABAE4BA8BE5A487E6A188222061637469766974693A61737369676E65653D2257616C746572223E3C2F757365725461736B3E0A202020203C656E644576656E742069643D227369642D38334637384333322D414538432D344434332D413542342D353642394444394133353331223E3C2F656E644576656E743E0A202020203C6578636C7573697665476174657761792069643D227369642D33304231393246392D303834342D343436442D383239312D423732374545373637323943223E3C2F6578636C7573697665476174657761793E0A202020203C73657175656E6365466C6F772069643D227369642D36433045334530392D434135342D343039432D393334382D4137323745364130443043442220736F757263655265663D227369642D38393146353236412D413038332D344246382D413538412D35444146433436394338313822207461726765745265663D227369642D33304231393246392D303834342D343436442D383239312D423732374545373637323943223E3C2F73657175656E6365466C6F773E0A202020203C73657175656E6365466C6F772069643D227369642D32324238463534332D374543432D344433462D383334332D3042354338384532303137332220736F757263655265663D227369642D34313041374337362D323243442D343536412D424530432D32313243384638423645463122207461726765745265663D227369642D36433845304435322D353238352D343531382D383231322D304139414541353436354536223E3C2F73657175656E6365466C6F773E0A202020203C73657175656E6365466C6F772069643D227369642D39444433423637322D383041312D344630362D414141352D3337343042434435343731302220736F757263655265663D227369642D42444636353836442D353130412D344146452D423833372D31393030433532394444373422207461726765745265663D227369642D36433845304435322D353238352D343531382D383231322D304139414541353436354536223E3C2F73657175656E6365466C6F773E0A202020203C73657175656E6365466C6F772069643D227369642D44384346364530372D344633422D344239352D383234412D4638464341323639393534322220736F757263655265663D227369642D36433845304435322D353238352D343531382D383231322D30413941454135343635453622207461726765745265663D227369642D38334637384333322D414538432D344434332D413542342D353642394444394133353331223E3C2F73657175656E6365466C6F773E0A202020203C73657175656E6365466C6F772069643D227369642D37313234413443462D463737382D344537372D384132412D34334643434437354142383022206E616D653D22E5A4A7E4BA8E32E5A4A92220736F757263655265663D227369642D33304231393246392D303834342D343436442D383239312D42373237454537363732394322207461726765745265663D227369642D34313041374337362D323243442D343536412D424530432D323132433846384236454631223E0A2020202020203C636F6E646974696F6E45787072657373696F6E207873693A747970653D2274466F726D616C45787072657373696F6E223E3C215B43444154415B247B6461793E327D5D5D3E3C2F636F6E646974696F6E45787072657373696F6E3E0A202020203C2F73657175656E6365466C6F773E0A202020203C73657175656E6365466C6F772069643D227369642D44453831373031332D374645352D343645322D423541342D32443535354132304444343422206E616D653D22E5B08FE4BA8EE7AD89E4BA8E32E5A4A92220736F757263655265663D227369642D33304231393246392D303834342D343436442D383239312D42373237454537363732394322207461726765745265663D227369642D42444636353836442D353130412D344146452D423833372D313930304335323944443734223E0A2020202020203C636F6E646974696F6E45787072657373696F6E207873693A747970653D2274466F726D616C45787072657373696F6E223E3C215B43444154415B247B6461793C3D327D5D5D3E3C2F636F6E646974696F6E45787072657373696F6E3E0A202020203C2F73657175656E6365466C6F773E0A20203C2F70726F636573733E0A20203C62706D6E64693A42504D4E4469616772616D2069643D2242504D4E4469616772616D5F636F6D706C6574655F6C65617665223E0A202020203C62706D6E64693A42504D4E506C616E652062706D6E456C656D656E743D22636F6D706C6574655F6C65617665222069643D2242504D4E506C616E655F636F6D706C6574655F6C65617665223E0A2020202020203C62706D6E64693A42504D4E53686170652062706D6E456C656D656E743D227369642D38393146353236412D413038332D344246382D413538412D354441464334363943383138222069643D2242504D4E53686170655F7369642D38393146353236412D413038332D344246382D413538412D354441464334363943383138223E0A20202020202020203C6F6D6764633A426F756E6473206865696768743D2233302E30222077696474683D2233302E302220783D223136352E302220793D2239342E30223E3C2F6F6D6764633A426F756E64733E0A2020202020203C2F62706D6E64693A42504D4E53686170653E0A2020202020203C62706D6E64693A42504D4E53686170652062706D6E456C656D656E743D227369642D34313041374337362D323243442D343536412D424530432D323132433846384236454631222069643D2242504D4E53686170655F7369642D34313041374337362D323243442D343536412D424530432D323132433846384236454631223E0A20202020202020203C6F6D6764633A426F756E6473206865696768743D2238302E30222077696474683D223130302E302220783D223237302E302220793D223235352E30223E3C2F6F6D6764633A426F756E64733E0A2020202020203C2F62706D6E64693A42504D4E53686170653E0A2020202020203C62706D6E64693A42504D4E53686170652062706D6E456C656D656E743D227369642D42444636353836442D353130412D344146452D423833372D313930304335323944443734222069643D2242504D4E53686170655F7369642D42444636353836442D353130412D344146452D423833372D313930304335323944443734223E0A20202020202020203C6F6D6764633A426F756E6473206865696768743D2238302E30222077696474683D223130302E302220783D223439352E302220793D2237312E30223E3C2F6F6D6764633A426F756E64733E0A2020202020203C2F62706D6E64693A42504D4E53686170653E0A2020202020203C62706D6E64693A42504D4E53686170652062706D6E456C656D656E743D227369642D36433845304435322D353238352D343531382D383231322D304139414541353436354536222069643D2242504D4E53686170655F7369642D36433845304435322D353238352D343531382D383231322D304139414541353436354536223E0A20202020202020203C6F6D6764633A426F756E6473206865696768743D2238302E30222077696474683D223130302E302220783D223439352E302220793D223235352E30223E3C2F6F6D6764633A426F756E64733E0A2020202020203C2F62706D6E64693A42504D4E53686170653E0A2020202020203C62706D6E64693A42504D4E53686170652062706D6E456C656D656E743D227369642D38334637384333322D414538432D344434332D413542342D353642394444394133353331222069643D2242504D4E53686170655F7369642D38334637384333322D414538432D344434332D413542342D353642394444394133353331223E0A20202020202020203C6F6D6764633A426F756E6473206865696768743D2232382E30222077696474683D2232382E302220783D223639302E302220793D223238312E30223E3C2F6F6D6764633A426F756E64733E0A2020202020203C2F62706D6E64693A42504D4E53686170653E0A2020202020203C62706D6E64693A42504D4E53686170652062706D6E456C656D656E743D227369642D33304231393246392D303834342D343436442D383239312D423732374545373637323943222069643D2242504D4E53686170655F7369642D33304231393246392D303834342D343436442D383239312D423732374545373637323943223E0A20202020202020203C6F6D6764633A426F756E6473206865696768743D2234302E30222077696474683D2234302E302220783D223330302E302220793D2238392E30223E3C2F6F6D6764633A426F756E64733E0A2020202020203C2F62706D6E64693A42504D4E53686170653E0A2020202020203C62706D6E64693A42504D4E456467652062706D6E456C656D656E743D227369642D37313234413443462D463737382D344537372D384132412D343346434344373541423830222069643D2242504D4E456467655F7369642D37313234413443462D463737382D344537372D384132412D343346434344373541423830223E0A20202020202020203C6F6D6764693A776179706F696E7420783D223332302E34343836343836343836343836362220793D223132382E3535313335313335313335313334223E3C2F6F6D6764693A776179706F696E743E0A20202020202020203C6F6D6764693A776179706F696E7420783D223332302E313037383136373131353930332220793D223235352E30223E3C2F6F6D6764693A776179706F696E743E0A2020202020203C2F62706D6E64693A42504D4E456467653E0A2020202020203C62706D6E64693A42504D4E456467652062706D6E456C656D656E743D227369642D32324238463534332D374543432D344433462D383334332D304235433838453230313733222069643D2242504D4E456467655F7369642D32324238463534332D374543432D344433462D383334332D304235433838453230313733223E0A20202020202020203C6F6D6764693A776179706F696E7420783D223337302E302220793D223239352E30223E3C2F6F6D6764693A776179706F696E743E0A20202020202020203C6F6D6764693A776179706F696E7420783D223439352E302220793D223239352E30223E3C2F6F6D6764693A776179706F696E743E0A2020202020203C2F62706D6E64693A42504D4E456467653E0A2020202020203C62706D6E64693A42504D4E456467652062706D6E456C656D656E743D227369642D44453831373031332D374645352D343645322D423541342D324435353541323044443434222069643D2242504D4E456467655F7369642D44453831373031332D374645352D343645322D423541342D324435353541323044443434223E0A20202020202020203C6F6D6764693A776179706F696E7420783D223333392E33373338393338303533303937362220793D223130392E3632363130363139343639303237223E3C2F6F6D6764693A776179706F696E743E0A20202020202020203C6F6D6764693A776179706F696E7420783D223439352E302220793D223131302E3636353932343237363136393236223E3C2F6F6D6764693A776179706F696E743E0A2020202020203C2F62706D6E64693A42504D4E456467653E0A2020202020203C62706D6E64693A42504D4E456467652062706D6E456C656D656E743D227369642D39444433423637322D383041312D344630362D414141352D333734304243443534373130222069643D2242504D4E456467655F7369642D39444433423637322D383041312D344630362D414141352D333734304243443534373130223E0A20202020202020203C6F6D6764693A776179706F696E7420783D223534352E302220793D223135312E30223E3C2F6F6D6764693A776179706F696E743E0A20202020202020203C6F6D6764693A776179706F696E7420783D223534352E302220793D223235352E30223E3C2F6F6D6764693A776179706F696E743E0A2020202020203C2F62706D6E64693A42504D4E456467653E0A2020202020203C62706D6E64693A42504D4E456467652062706D6E456C656D656E743D227369642D44384346364530372D344633422D344239352D383234412D463846434132363939353432222069643D2242504D4E456467655F7369642D44384346364530372D344633422D344239352D383234412D463846434132363939353432223E0A20202020202020203C6F6D6764693A776179706F696E7420783D223539352E302220793D223239352E30223E3C2F6F6D6764693A776179706F696E743E0A20202020202020203C6F6D6764693A776179706F696E7420783D223639302E302220793D223239352E30223E3C2F6F6D6764693A776179706F696E743E0A2020202020203C2F62706D6E64693A42504D4E456467653E0A2020202020203C62706D6E64693A42504D4E456467652062706D6E456C656D656E743D227369642D36433045334530392D434135342D343039432D393334382D413732374536413044304344222069643D2242504D4E456467655F7369642D36433045334530392D434135342D343039432D393334382D413732374536413044304344223E0A20202020202020203C6F6D6764693A776179706F696E7420783D223139352E302220793D223130392E30223E3C2F6F6D6764693A776179706F696E743E0A20202020202020203C6F6D6764693A776179706F696E7420783D223330302E302220793D223130392E30223E3C2F6F6D6764693A776179706F696E743E0A2020202020203C2F62706D6E64693A42504D4E456467653E0A202020203C2F62706D6E64693A42504D4E506C616E653E0A20203C2F62706D6E64693A42504D4E4469616772616D3E0A3C2F646566696E6974696F6E733E, 0);
INSERT INTO `ACT_GE_BYTEARRAY` (`ID_`, `REV_`, `NAME_`, `DEPLOYMENT_ID_`, `BYTES_`, `GENERATED_`) VALUES ('b81ec00a-e8b9-11ed-a367-581122a46875', 1, '/Users/swcode/Documents/IdeaProjects/guigu-oa-parent/service-oa/target/classes/processes/leave.bpmn20.xml', 'b81e98f8-e8b9-11ed-a367-581122a46875', 0x3C3F786D6C2076657273696F6E3D22312E302220656E636F64696E673D225554462D38223F3E0A3C646566696E6974696F6E7320786D6C6E733D22687474703A2F2F7777772E6F6D672E6F72672F737065632F42504D4E2F32303130303532342F4D4F44454C2220786D6C6E733A7873693D22687474703A2F2F7777772E77332E6F72672F323030312F584D4C536368656D612D696E7374616E63652220786D6C6E733A7873643D22687474703A2F2F7777772E77332E6F72672F323030312F584D4C536368656D612220786D6C6E733A61637469766974693D22687474703A2F2F61637469766974692E6F72672F62706D6E2220786D6C6E733A62706D6E64693D22687474703A2F2F7777772E6F6D672E6F72672F737065632F42504D4E2F32303130303532342F44492220786D6C6E733A6F6D6764633D22687474703A2F2F7777772E6F6D672E6F72672F737065632F44442F32303130303532342F44432220786D6C6E733A6F6D6764693D22687474703A2F2F7777772E6F6D672E6F72672F737065632F44442F32303130303532342F44492220747970654C616E67756167653D22687474703A2F2F7777772E77332E6F72672F323030312F584D4C536368656D61222065787072657373696F6E4C616E67756167653D22687474703A2F2F7777772E77332E6F72672F313939392F585061746822207461726765744E616D6573706163653D22687474703A2F2F7777772E61637469766974692E6F72672F70726F63657373646566223E0A20203C70726F636573732069643D226C656176652220697345786563757461626C653D2274727565223E0A202020203C73746172744576656E742069643D227369642D42464430344542422D383033382D343435462D394639392D453035423638383330414438223E3C2F73746172744576656E743E0A202020203C757365725461736B2069643D227369642D44453233313631462D413130362D344338332D393343462D31383236314238363236363422206E616D653D22E7BB8FE79086E5AEA1E689B9222061637469766974693A61737369676E65653D22776A6C223E3C2F757365725461736B3E0A202020203C757365725461736B2069643D227369642D39423642413033442D453237392D344332462D383144452D41383036413645353336383622206E616D653D22E4BABAE4BA8BE5AEA1E689B9222061637469766974693A61737369676E65653D226C72736A6C223E3C2F757365725461736B3E0A202020203C656E644576656E742069643D227369642D33413136434642392D363332372D343046432D424236332D434537463139304537454143223E3C2F656E644576656E743E0A202020203C73657175656E6365466C6F772069643D227369642D37323737314134302D323742362D343043442D383633432D3946363246444345433536352220736F757263655265663D227369642D42464430344542422D383033382D343435462D394639392D45303542363838333041443822207461726765745265663D227369642D44453233313631462D413130362D344338332D393343462D313832363142383632363634223E3C2F73657175656E6365466C6F773E0A202020203C73657175656E6365466C6F772069643D227369642D30443833324244422D453836422D344632372D424543322D3032424532363538343845342220736F757263655265663D227369642D44453233313631462D413130362D344338332D393343462D31383236314238363236363422207461726765745265663D227369642D39423642413033442D453237392D344332462D383144452D413830364136453533363836223E3C2F73657175656E6365466C6F773E0A202020203C73657175656E6365466C6F772069643D227369642D41383837373244312D354236452D343642442D384236432D3546364335393141383433312220736F757263655265663D227369642D39423642413033442D453237392D344332462D383144452D41383036413645353336383622207461726765745265663D227369642D33413136434642392D363332372D343046432D424236332D434537463139304537454143223E3C2F73657175656E6365466C6F773E0A20203C2F70726F636573733E0A20203C62706D6E64693A42504D4E4469616772616D2069643D2242504D4E4469616772616D5F6C65617665223E0A202020203C62706D6E64693A42504D4E506C616E652062706D6E456C656D656E743D226C65617665222069643D2242504D4E506C616E655F6C65617665223E0A2020202020203C62706D6E64693A42504D4E53686170652062706D6E456C656D656E743D227369642D42464430344542422D383033382D343435462D394639392D453035423638383330414438222069643D2242504D4E53686170655F7369642D42464430344542422D383033382D343435462D394639392D453035423638383330414438223E0A20202020202020203C6F6D6764633A426F756E6473206865696768743D2233302E30222077696474683D2233302E302220783D223237302E302220793D223135302E30223E3C2F6F6D6764633A426F756E64733E0A2020202020203C2F62706D6E64693A42504D4E53686170653E0A2020202020203C62706D6E64693A42504D4E53686170652062706D6E456C656D656E743D227369642D44453233313631462D413130362D344338332D393343462D313832363142383632363634222069643D2242504D4E53686170655F7369642D44453233313631462D413130362D344338332D393343462D313832363142383632363634223E0A20202020202020203C6F6D6764633A426F756E6473206865696768743D2238302E30222077696474683D223130302E302220783D223336302E302220793D223132352E30223E3C2F6F6D6764633A426F756E64733E0A2020202020203C2F62706D6E64693A42504D4E53686170653E0A2020202020203C62706D6E64693A42504D4E53686170652062706D6E456C656D656E743D227369642D39423642413033442D453237392D344332462D383144452D413830364136453533363836222069643D2242504D4E53686170655F7369642D39423642413033442D453237392D344332462D383144452D413830364136453533363836223E0A20202020202020203C6F6D6764633A426F756E6473206865696768743D2238302E30222077696474683D223130302E302220783D223532352E302220793D223132352E30223E3C2F6F6D6764633A426F756E64733E0A2020202020203C2F62706D6E64693A42504D4E53686170653E0A2020202020203C62706D6E64693A42504D4E53686170652062706D6E456C656D656E743D227369642D33413136434642392D363332372D343046432D424236332D434537463139304537454143222069643D2242504D4E53686170655F7369642D33413136434642392D363332372D343046432D424236332D434537463139304537454143223E0A20202020202020203C6F6D6764633A426F756E6473206865696768743D2232382E30222077696474683D2232382E302220783D223637352E302220793D223135312E30223E3C2F6F6D6764633A426F756E64733E0A2020202020203C2F62706D6E64693A42504D4E53686170653E0A2020202020203C62706D6E64693A42504D4E456467652062706D6E456C656D656E743D227369642D30443833324244422D453836422D344632372D424543322D303242453236353834384534222069643D2242504D4E456467655F7369642D30443833324244422D453836422D344632372D424543322D303242453236353834384534223E0A20202020202020203C6F6D6764693A776179706F696E7420783D223436302E302220793D223136352E30223E3C2F6F6D6764693A776179706F696E743E0A20202020202020203C6F6D6764693A776179706F696E7420783D223532352E302220793D223136352E30223E3C2F6F6D6764693A776179706F696E743E0A2020202020203C2F62706D6E64693A42504D4E456467653E0A2020202020203C62706D6E64693A42504D4E456467652062706D6E456C656D656E743D227369642D41383837373244312D354236452D343642442D384236432D354636433539314138343331222069643D2242504D4E456467655F7369642D41383837373244312D354236452D343642442D384236432D354636433539314138343331223E0A20202020202020203C6F6D6764693A776179706F696E7420783D223632352E302220793D223136352E30223E3C2F6F6D6764693A776179706F696E743E0A20202020202020203C6F6D6764693A776179706F696E7420783D223637352E302220793D223136352E30223E3C2F6F6D6764693A776179706F696E743E0A2020202020203C2F62706D6E64693A42504D4E456467653E0A2020202020203C62706D6E64693A42504D4E456467652062706D6E456C656D656E743D227369642D37323737314134302D323742362D343043442D383633432D394636324644434543353635222069643D2242504D4E456467655F7369642D37323737314134302D323742362D343043442D383633432D394636324644434543353635223E0A20202020202020203C6F6D6764693A776179706F696E7420783D223330302E302220793D223136352E30223E3C2F6F6D6764693A776179706F696E743E0A20202020202020203C6F6D6764693A776179706F696E7420783D223336302E302220793D223136352E30223E3C2F6F6D6764693A776179706F696E743E0A2020202020203C2F62706D6E64693A42504D4E456467653E0A202020203C2F62706D6E64693A42504D4E506C616E653E0A20203C2F62706D6E64693A42504D4E4469616772616D3E0A3C2F646566696E6974696F6E733E, 0);
INSERT INTO `ACT_GE_BYTEARRAY` (`ID_`, `REV_`, `NAME_`, `DEPLOYMENT_ID_`, `BYTES_`, `GENERATED_`) VALUES ('c94e6f29-d913-11ed-a2c4-581122a46875', 1, 'process/complete_leave.bpmn20.xml', 'c94e6f28-d913-11ed-a2c4-581122a46875', 0x3C3F786D6C2076657273696F6E3D22312E302220656E636F64696E673D225554462D38223F3E0A3C646566696E6974696F6E7320786D6C6E733D22687474703A2F2F7777772E6F6D672E6F72672F737065632F42504D4E2F32303130303532342F4D4F44454C2220786D6C6E733A7873693D22687474703A2F2F7777772E77332E6F72672F323030312F584D4C536368656D612D696E7374616E63652220786D6C6E733A7873643D22687474703A2F2F7777772E77332E6F72672F323030312F584D4C536368656D612220786D6C6E733A61637469766974693D22687474703A2F2F61637469766974692E6F72672F62706D6E2220786D6C6E733A62706D6E64693D22687474703A2F2F7777772E6F6D672E6F72672F737065632F42504D4E2F32303130303532342F44492220786D6C6E733A6F6D6764633D22687474703A2F2F7777772E6F6D672E6F72672F737065632F44442F32303130303532342F44432220786D6C6E733A6F6D6764693D22687474703A2F2F7777772E6F6D672E6F72672F737065632F44442F32303130303532342F44492220747970654C616E67756167653D22687474703A2F2F7777772E77332E6F72672F323030312F584D4C536368656D61222065787072657373696F6E4C616E67756167653D22687474703A2F2F7777772E77332E6F72672F313939392F585061746822207461726765744E616D6573706163653D22687474703A2F2F7777772E61637469766974692E6F72672F70726F63657373646566223E0A20203C70726F636573732069643D22636F6D706C6574655F6C656176652220697345786563757461626C653D2274727565223E0A202020203C73746172744576656E742069643D227369642D38393146353236412D413038332D344246382D413538412D354441464334363943383138223E3C2F73746172744576656E743E0A202020203C757365725461736B2069643D227369642D34313041374337362D323243442D343536412D424530432D32313243384638423645463122206E616D653D22E680BBE7BB8FE79086E5AEA1E689B9222061637469766974693A61737369676E65653D224A6F6E65223E3C2F757365725461736B3E0A202020203C757365725461736B2069643D227369642D42444636353836442D353130412D344146452D423833372D31393030433532394444373422206E616D653D22E983A8E997A8E7BB8FE79086E5AEA1E689B9222061637469766974693A61737369676E65653D224A65737365223E3C2F757365725461736B3E0A202020203C757365725461736B2069643D227369642D36433845304435322D353238352D343531382D383231322D30413941454135343635453622206E616D653D22E4BABAE4BA8BE5A487E6A188222061637469766974693A61737369676E65653D2257616C746572223E3C2F757365725461736B3E0A202020203C656E644576656E742069643D227369642D38334637384333322D414538432D344434332D413542342D353642394444394133353331223E3C2F656E644576656E743E0A202020203C6578636C7573697665476174657761792069643D227369642D33304231393246392D303834342D343436442D383239312D423732374545373637323943223E3C2F6578636C7573697665476174657761793E0A202020203C73657175656E6365466C6F772069643D227369642D36433045334530392D434135342D343039432D393334382D4137323745364130443043442220736F757263655265663D227369642D38393146353236412D413038332D344246382D413538412D35444146433436394338313822207461726765745265663D227369642D33304231393246392D303834342D343436442D383239312D423732374545373637323943223E3C2F73657175656E6365466C6F773E0A202020203C73657175656E6365466C6F772069643D227369642D32324238463534332D374543432D344433462D383334332D3042354338384532303137332220736F757263655265663D227369642D34313041374337362D323243442D343536412D424530432D32313243384638423645463122207461726765745265663D227369642D36433845304435322D353238352D343531382D383231322D304139414541353436354536223E3C2F73657175656E6365466C6F773E0A202020203C73657175656E6365466C6F772069643D227369642D39444433423637322D383041312D344630362D414141352D3337343042434435343731302220736F757263655265663D227369642D42444636353836442D353130412D344146452D423833372D31393030433532394444373422207461726765745265663D227369642D36433845304435322D353238352D343531382D383231322D304139414541353436354536223E3C2F73657175656E6365466C6F773E0A202020203C73657175656E6365466C6F772069643D227369642D44384346364530372D344633422D344239352D383234412D4638464341323639393534322220736F757263655265663D227369642D36433845304435322D353238352D343531382D383231322D30413941454135343635453622207461726765745265663D227369642D38334637384333322D414538432D344434332D413542342D353642394444394133353331223E3C2F73657175656E6365466C6F773E0A202020203C73657175656E6365466C6F772069643D227369642D37313234413443462D463737382D344537372D384132412D34334643434437354142383022206E616D653D22E5A4A7E4BA8E32E5A4A92220736F757263655265663D227369642D33304231393246392D303834342D343436442D383239312D42373237454537363732394322207461726765745265663D227369642D34313041374337362D323243442D343536412D424530432D323132433846384236454631223E0A2020202020203C636F6E646974696F6E45787072657373696F6E207873693A747970653D2274466F726D616C45787072657373696F6E223E3C215B43444154415B247B6461793E327D5D5D3E3C2F636F6E646974696F6E45787072657373696F6E3E0A202020203C2F73657175656E6365466C6F773E0A202020203C73657175656E6365466C6F772069643D227369642D44453831373031332D374645352D343645322D423541342D32443535354132304444343422206E616D653D22E5B08FE4BA8EE7AD89E4BA8E32E5A4A92220736F757263655265663D227369642D33304231393246392D303834342D343436442D383239312D42373237454537363732394322207461726765745265663D227369642D42444636353836442D353130412D344146452D423833372D313930304335323944443734223E0A2020202020203C636F6E646974696F6E45787072657373696F6E207873693A747970653D2274466F726D616C45787072657373696F6E223E3C215B43444154415B247B6461793C3D327D5D5D3E3C2F636F6E646974696F6E45787072657373696F6E3E0A202020203C2F73657175656E6365466C6F773E0A20203C2F70726F636573733E0A20203C62706D6E64693A42504D4E4469616772616D2069643D2242504D4E4469616772616D5F636F6D706C6574655F6C65617665223E0A202020203C62706D6E64693A42504D4E506C616E652062706D6E456C656D656E743D22636F6D706C6574655F6C65617665222069643D2242504D4E506C616E655F636F6D706C6574655F6C65617665223E0A2020202020203C62706D6E64693A42504D4E53686170652062706D6E456C656D656E743D227369642D38393146353236412D413038332D344246382D413538412D354441464334363943383138222069643D2242504D4E53686170655F7369642D38393146353236412D413038332D344246382D413538412D354441464334363943383138223E0A20202020202020203C6F6D6764633A426F756E6473206865696768743D2233302E30222077696474683D2233302E302220783D223136352E302220793D2239342E30223E3C2F6F6D6764633A426F756E64733E0A2020202020203C2F62706D6E64693A42504D4E53686170653E0A2020202020203C62706D6E64693A42504D4E53686170652062706D6E456C656D656E743D227369642D34313041374337362D323243442D343536412D424530432D323132433846384236454631222069643D2242504D4E53686170655F7369642D34313041374337362D323243442D343536412D424530432D323132433846384236454631223E0A20202020202020203C6F6D6764633A426F756E6473206865696768743D2238302E30222077696474683D223130302E302220783D223237302E302220793D223235352E30223E3C2F6F6D6764633A426F756E64733E0A2020202020203C2F62706D6E64693A42504D4E53686170653E0A2020202020203C62706D6E64693A42504D4E53686170652062706D6E456C656D656E743D227369642D42444636353836442D353130412D344146452D423833372D313930304335323944443734222069643D2242504D4E53686170655F7369642D42444636353836442D353130412D344146452D423833372D313930304335323944443734223E0A20202020202020203C6F6D6764633A426F756E6473206865696768743D2238302E30222077696474683D223130302E302220783D223439352E302220793D2237312E30223E3C2F6F6D6764633A426F756E64733E0A2020202020203C2F62706D6E64693A42504D4E53686170653E0A2020202020203C62706D6E64693A42504D4E53686170652062706D6E456C656D656E743D227369642D36433845304435322D353238352D343531382D383231322D304139414541353436354536222069643D2242504D4E53686170655F7369642D36433845304435322D353238352D343531382D383231322D304139414541353436354536223E0A20202020202020203C6F6D6764633A426F756E6473206865696768743D2238302E30222077696474683D223130302E302220783D223439352E302220793D223235352E30223E3C2F6F6D6764633A426F756E64733E0A2020202020203C2F62706D6E64693A42504D4E53686170653E0A2020202020203C62706D6E64693A42504D4E53686170652062706D6E456C656D656E743D227369642D38334637384333322D414538432D344434332D413542342D353642394444394133353331222069643D2242504D4E53686170655F7369642D38334637384333322D414538432D344434332D413542342D353642394444394133353331223E0A20202020202020203C6F6D6764633A426F756E6473206865696768743D2232382E30222077696474683D2232382E302220783D223639302E302220793D223238312E30223E3C2F6F6D6764633A426F756E64733E0A2020202020203C2F62706D6E64693A42504D4E53686170653E0A2020202020203C62706D6E64693A42504D4E53686170652062706D6E456C656D656E743D227369642D33304231393246392D303834342D343436442D383239312D423732374545373637323943222069643D2242504D4E53686170655F7369642D33304231393246392D303834342D343436442D383239312D423732374545373637323943223E0A20202020202020203C6F6D6764633A426F756E6473206865696768743D2234302E30222077696474683D2234302E302220783D223330302E302220793D2238392E30223E3C2F6F6D6764633A426F756E64733E0A2020202020203C2F62706D6E64693A42504D4E53686170653E0A2020202020203C62706D6E64693A42504D4E456467652062706D6E456C656D656E743D227369642D37313234413443462D463737382D344537372D384132412D343346434344373541423830222069643D2242504D4E456467655F7369642D37313234413443462D463737382D344537372D384132412D343346434344373541423830223E0A20202020202020203C6F6D6764693A776179706F696E7420783D223332302E34343836343836343836343836362220793D223132382E3535313335313335313335313334223E3C2F6F6D6764693A776179706F696E743E0A20202020202020203C6F6D6764693A776179706F696E7420783D223332302E313037383136373131353930332220793D223235352E30223E3C2F6F6D6764693A776179706F696E743E0A2020202020203C2F62706D6E64693A42504D4E456467653E0A2020202020203C62706D6E64693A42504D4E456467652062706D6E456C656D656E743D227369642D32324238463534332D374543432D344433462D383334332D304235433838453230313733222069643D2242504D4E456467655F7369642D32324238463534332D374543432D344433462D383334332D304235433838453230313733223E0A20202020202020203C6F6D6764693A776179706F696E7420783D223337302E302220793D223239352E30223E3C2F6F6D6764693A776179706F696E743E0A20202020202020203C6F6D6764693A776179706F696E7420783D223439352E302220793D223239352E30223E3C2F6F6D6764693A776179706F696E743E0A2020202020203C2F62706D6E64693A42504D4E456467653E0A2020202020203C62706D6E64693A42504D4E456467652062706D6E456C656D656E743D227369642D44453831373031332D374645352D343645322D423541342D324435353541323044443434222069643D2242504D4E456467655F7369642D44453831373031332D374645352D343645322D423541342D324435353541323044443434223E0A20202020202020203C6F6D6764693A776179706F696E7420783D223333392E33373338393338303533303937362220793D223130392E3632363130363139343639303237223E3C2F6F6D6764693A776179706F696E743E0A20202020202020203C6F6D6764693A776179706F696E7420783D223439352E302220793D223131302E3636353932343237363136393236223E3C2F6F6D6764693A776179706F696E743E0A2020202020203C2F62706D6E64693A42504D4E456467653E0A2020202020203C62706D6E64693A42504D4E456467652062706D6E456C656D656E743D227369642D39444433423637322D383041312D344630362D414141352D333734304243443534373130222069643D2242504D4E456467655F7369642D39444433423637322D383041312D344630362D414141352D333734304243443534373130223E0A20202020202020203C6F6D6764693A776179706F696E7420783D223534352E302220793D223135312E30223E3C2F6F6D6764693A776179706F696E743E0A20202020202020203C6F6D6764693A776179706F696E7420783D223534352E302220793D223235352E30223E3C2F6F6D6764693A776179706F696E743E0A2020202020203C2F62706D6E64693A42504D4E456467653E0A2020202020203C62706D6E64693A42504D4E456467652062706D6E456C656D656E743D227369642D44384346364530372D344633422D344239352D383234412D463846434132363939353432222069643D2242504D4E456467655F7369642D44384346364530372D344633422D344239352D383234412D463846434132363939353432223E0A20202020202020203C6F6D6764693A776179706F696E7420783D223539352E302220793D223239352E30223E3C2F6F6D6764693A776179706F696E743E0A20202020202020203C6F6D6764693A776179706F696E7420783D223639302E302220793D223239352E30223E3C2F6F6D6764693A776179706F696E743E0A2020202020203C2F62706D6E64693A42504D4E456467653E0A2020202020203C62706D6E64693A42504D4E456467652062706D6E456C656D656E743D227369642D36433045334530392D434135342D343039432D393334382D413732374536413044304344222069643D2242504D4E456467655F7369642D36433045334530392D434135342D343039432D393334382D413732374536413044304344223E0A20202020202020203C6F6D6764693A776179706F696E7420783D223139352E302220793D223130392E30223E3C2F6F6D6764693A776179706F696E743E0A20202020202020203C6F6D6764693A776179706F696E7420783D223330302E302220793D223130392E30223E3C2F6F6D6764693A776179706F696E743E0A2020202020203C2F62706D6E64693A42504D4E456467653E0A202020203C2F62706D6E64693A42504D4E506C616E653E0A20203C2F62706D6E64693A42504D4E4469616772616D3E0A3C2F646566696E6974696F6E733E, 0);
INSERT INTO `ACT_GE_BYTEARRAY` (`ID_`, `REV_`, `NAME_`, `DEPLOYMENT_ID_`, `BYTES_`, `GENERATED_`) VALUES ('f891bb6a-ddb6-11ed-b5ea-581122a46875', 1, '/Users/swcode/Documents/IdeaProjects/guigu-oa-parent/service-oa/target/classes/processes/complete_leave.bpmn20.xml', 'f8919459-ddb6-11ed-b5ea-581122a46875', 0x3C3F786D6C2076657273696F6E3D22312E302220656E636F64696E673D225554462D38223F3E0A3C646566696E6974696F6E7320786D6C6E733D22687474703A2F2F7777772E6F6D672E6F72672F737065632F42504D4E2F32303130303532342F4D4F44454C2220786D6C6E733A7873693D22687474703A2F2F7777772E77332E6F72672F323030312F584D4C536368656D612D696E7374616E63652220786D6C6E733A7873643D22687474703A2F2F7777772E77332E6F72672F323030312F584D4C536368656D612220786D6C6E733A61637469766974693D22687474703A2F2F61637469766974692E6F72672F62706D6E2220786D6C6E733A62706D6E64693D22687474703A2F2F7777772E6F6D672E6F72672F737065632F42504D4E2F32303130303532342F44492220786D6C6E733A6F6D6764633D22687474703A2F2F7777772E6F6D672E6F72672F737065632F44442F32303130303532342F44432220786D6C6E733A6F6D6764693D22687474703A2F2F7777772E6F6D672E6F72672F737065632F44442F32303130303532342F44492220747970654C616E67756167653D22687474703A2F2F7777772E77332E6F72672F323030312F584D4C536368656D61222065787072657373696F6E4C616E67756167653D22687474703A2F2F7777772E77332E6F72672F313939392F585061746822207461726765744E616D6573706163653D22687474703A2F2F7777772E61637469766974692E6F72672F70726F63657373646566223E0A20203C70726F636573732069643D22636F6D706C6574655F6C656176652220697345786563757461626C653D2274727565223E0A202020203C73746172744576656E742069643D227369642D38393146353236412D413038332D344246382D413538412D354441464334363943383138223E3C2F73746172744576656E743E0A202020203C757365725461736B2069643D227369642D34313041374337362D323243442D343536412D424530432D32313243384638423645463122206E616D653D22E680BBE7BB8FE79086E5AEA1E689B9222061637469766974693A61737369676E65653D224A6F6E65223E3C2F757365725461736B3E0A202020203C757365725461736B2069643D227369642D42444636353836442D353130412D344146452D423833372D31393030433532394444373422206E616D653D22E983A8E997A8E7BB8FE79086E5AEA1E689B9222061637469766974693A61737369676E65653D224A65737365223E3C2F757365725461736B3E0A202020203C757365725461736B2069643D227369642D36433845304435322D353238352D343531382D383231322D30413941454135343635453622206E616D653D22E4BABAE4BA8BE5A487E6A188222061637469766974693A61737369676E65653D2257616C746572223E3C2F757365725461736B3E0A202020203C656E644576656E742069643D227369642D38334637384333322D414538432D344434332D413542342D353642394444394133353331223E3C2F656E644576656E743E0A202020203C6578636C7573697665476174657761792069643D227369642D33304231393246392D303834342D343436442D383239312D423732374545373637323943223E3C2F6578636C7573697665476174657761793E0A202020203C73657175656E6365466C6F772069643D227369642D36433045334530392D434135342D343039432D393334382D4137323745364130443043442220736F757263655265663D227369642D38393146353236412D413038332D344246382D413538412D35444146433436394338313822207461726765745265663D227369642D33304231393246392D303834342D343436442D383239312D423732374545373637323943223E3C2F73657175656E6365466C6F773E0A202020203C73657175656E6365466C6F772069643D227369642D32324238463534332D374543432D344433462D383334332D3042354338384532303137332220736F757263655265663D227369642D34313041374337362D323243442D343536412D424530432D32313243384638423645463122207461726765745265663D227369642D36433845304435322D353238352D343531382D383231322D304139414541353436354536223E3C2F73657175656E6365466C6F773E0A202020203C73657175656E6365466C6F772069643D227369642D39444433423637322D383041312D344630362D414141352D3337343042434435343731302220736F757263655265663D227369642D42444636353836442D353130412D344146452D423833372D31393030433532394444373422207461726765745265663D227369642D36433845304435322D353238352D343531382D383231322D304139414541353436354536223E3C2F73657175656E6365466C6F773E0A202020203C73657175656E6365466C6F772069643D227369642D44384346364530372D344633422D344239352D383234412D4638464341323639393534322220736F757263655265663D227369642D36433845304435322D353238352D343531382D383231322D30413941454135343635453622207461726765745265663D227369642D38334637384333322D414538432D344434332D413542342D353642394444394133353331223E3C2F73657175656E6365466C6F773E0A202020203C73657175656E6365466C6F772069643D227369642D37313234413443462D463737382D344537372D384132412D34334643434437354142383022206E616D653D22E5A4A7E4BA8E32E5A4A92220736F757263655265663D227369642D33304231393246392D303834342D343436442D383239312D42373237454537363732394322207461726765745265663D227369642D34313041374337362D323243442D343536412D424530432D323132433846384236454631223E0A2020202020203C636F6E646974696F6E45787072657373696F6E207873693A747970653D2274466F726D616C45787072657373696F6E223E3C215B43444154415B247B6461793E327D5D5D3E3C2F636F6E646974696F6E45787072657373696F6E3E0A202020203C2F73657175656E6365466C6F773E0A202020203C73657175656E6365466C6F772069643D227369642D44453831373031332D374645352D343645322D423541342D32443535354132304444343422206E616D653D22E5B08FE4BA8EE7AD89E4BA8E32E5A4A92220736F757263655265663D227369642D33304231393246392D303834342D343436442D383239312D42373237454537363732394322207461726765745265663D227369642D42444636353836442D353130412D344146452D423833372D313930304335323944443734223E0A2020202020203C636F6E646974696F6E45787072657373696F6E207873693A747970653D2274466F726D616C45787072657373696F6E223E3C215B43444154415B247B6461793C3D327D5D5D3E3C2F636F6E646974696F6E45787072657373696F6E3E0A202020203C2F73657175656E6365466C6F773E0A20203C2F70726F636573733E0A20203C62706D6E64693A42504D4E4469616772616D2069643D2242504D4E4469616772616D5F636F6D706C6574655F6C65617665223E0A202020203C62706D6E64693A42504D4E506C616E652062706D6E456C656D656E743D22636F6D706C6574655F6C65617665222069643D2242504D4E506C616E655F636F6D706C6574655F6C65617665223E0A2020202020203C62706D6E64693A42504D4E53686170652062706D6E456C656D656E743D227369642D38393146353236412D413038332D344246382D413538412D354441464334363943383138222069643D2242504D4E53686170655F7369642D38393146353236412D413038332D344246382D413538412D354441464334363943383138223E0A20202020202020203C6F6D6764633A426F756E6473206865696768743D2233302E30222077696474683D2233302E302220783D223136352E302220793D2239342E30223E3C2F6F6D6764633A426F756E64733E0A2020202020203C2F62706D6E64693A42504D4E53686170653E0A2020202020203C62706D6E64693A42504D4E53686170652062706D6E456C656D656E743D227369642D34313041374337362D323243442D343536412D424530432D323132433846384236454631222069643D2242504D4E53686170655F7369642D34313041374337362D323243442D343536412D424530432D323132433846384236454631223E0A20202020202020203C6F6D6764633A426F756E6473206865696768743D2238302E30222077696474683D223130302E302220783D223237302E302220793D223235352E30223E3C2F6F6D6764633A426F756E64733E0A2020202020203C2F62706D6E64693A42504D4E53686170653E0A2020202020203C62706D6E64693A42504D4E53686170652062706D6E456C656D656E743D227369642D42444636353836442D353130412D344146452D423833372D313930304335323944443734222069643D2242504D4E53686170655F7369642D42444636353836442D353130412D344146452D423833372D313930304335323944443734223E0A20202020202020203C6F6D6764633A426F756E6473206865696768743D2238302E30222077696474683D223130302E302220783D223439352E302220793D2237312E30223E3C2F6F6D6764633A426F756E64733E0A2020202020203C2F62706D6E64693A42504D4E53686170653E0A2020202020203C62706D6E64693A42504D4E53686170652062706D6E456C656D656E743D227369642D36433845304435322D353238352D343531382D383231322D304139414541353436354536222069643D2242504D4E53686170655F7369642D36433845304435322D353238352D343531382D383231322D304139414541353436354536223E0A20202020202020203C6F6D6764633A426F756E6473206865696768743D2238302E30222077696474683D223130302E302220783D223439352E302220793D223235352E30223E3C2F6F6D6764633A426F756E64733E0A2020202020203C2F62706D6E64693A42504D4E53686170653E0A2020202020203C62706D6E64693A42504D4E53686170652062706D6E456C656D656E743D227369642D38334637384333322D414538432D344434332D413542342D353642394444394133353331222069643D2242504D4E53686170655F7369642D38334637384333322D414538432D344434332D413542342D353642394444394133353331223E0A20202020202020203C6F6D6764633A426F756E6473206865696768743D2232382E30222077696474683D2232382E302220783D223639302E302220793D223238312E30223E3C2F6F6D6764633A426F756E64733E0A2020202020203C2F62706D6E64693A42504D4E53686170653E0A2020202020203C62706D6E64693A42504D4E53686170652062706D6E456C656D656E743D227369642D33304231393246392D303834342D343436442D383239312D423732374545373637323943222069643D2242504D4E53686170655F7369642D33304231393246392D303834342D343436442D383239312D423732374545373637323943223E0A20202020202020203C6F6D6764633A426F756E6473206865696768743D2234302E30222077696474683D2234302E302220783D223330302E302220793D2238392E30223E3C2F6F6D6764633A426F756E64733E0A2020202020203C2F62706D6E64693A42504D4E53686170653E0A2020202020203C62706D6E64693A42504D4E456467652062706D6E456C656D656E743D227369642D37313234413443462D463737382D344537372D384132412D343346434344373541423830222069643D2242504D4E456467655F7369642D37313234413443462D463737382D344537372D384132412D343346434344373541423830223E0A20202020202020203C6F6D6764693A776179706F696E7420783D223332302E34343836343836343836343836362220793D223132382E3535313335313335313335313334223E3C2F6F6D6764693A776179706F696E743E0A20202020202020203C6F6D6764693A776179706F696E7420783D223332302E313037383136373131353930332220793D223235352E30223E3C2F6F6D6764693A776179706F696E743E0A2020202020203C2F62706D6E64693A42504D4E456467653E0A2020202020203C62706D6E64693A42504D4E456467652062706D6E456C656D656E743D227369642D32324238463534332D374543432D344433462D383334332D304235433838453230313733222069643D2242504D4E456467655F7369642D32324238463534332D374543432D344433462D383334332D304235433838453230313733223E0A20202020202020203C6F6D6764693A776179706F696E7420783D223337302E302220793D223239352E30223E3C2F6F6D6764693A776179706F696E743E0A20202020202020203C6F6D6764693A776179706F696E7420783D223439352E302220793D223239352E30223E3C2F6F6D6764693A776179706F696E743E0A2020202020203C2F62706D6E64693A42504D4E456467653E0A2020202020203C62706D6E64693A42504D4E456467652062706D6E456C656D656E743D227369642D44453831373031332D374645352D343645322D423541342D324435353541323044443434222069643D2242504D4E456467655F7369642D44453831373031332D374645352D343645322D423541342D324435353541323044443434223E0A20202020202020203C6F6D6764693A776179706F696E7420783D223333392E33373338393338303533303937362220793D223130392E3632363130363139343639303237223E3C2F6F6D6764693A776179706F696E743E0A20202020202020203C6F6D6764693A776179706F696E7420783D223439352E302220793D223131302E3636353932343237363136393236223E3C2F6F6D6764693A776179706F696E743E0A2020202020203C2F62706D6E64693A42504D4E456467653E0A2020202020203C62706D6E64693A42504D4E456467652062706D6E456C656D656E743D227369642D39444433423637322D383041312D344630362D414141352D333734304243443534373130222069643D2242504D4E456467655F7369642D39444433423637322D383041312D344630362D414141352D333734304243443534373130223E0A20202020202020203C6F6D6764693A776179706F696E7420783D223534352E302220793D223135312E30223E3C2F6F6D6764693A776179706F696E743E0A20202020202020203C6F6D6764693A776179706F696E7420783D223534352E302220793D223235352E30223E3C2F6F6D6764693A776179706F696E743E0A2020202020203C2F62706D6E64693A42504D4E456467653E0A2020202020203C62706D6E64693A42504D4E456467652062706D6E456C656D656E743D227369642D44384346364530372D344633422D344239352D383234412D463846434132363939353432222069643D2242504D4E456467655F7369642D44384346364530372D344633422D344239352D383234412D463846434132363939353432223E0A20202020202020203C6F6D6764693A776179706F696E7420783D223539352E302220793D223239352E30223E3C2F6F6D6764693A776179706F696E743E0A20202020202020203C6F6D6764693A776179706F696E7420783D223639302E302220793D223239352E30223E3C2F6F6D6764693A776179706F696E743E0A2020202020203C2F62706D6E64693A42504D4E456467653E0A2020202020203C62706D6E64693A42504D4E456467652062706D6E456C656D656E743D227369642D36433045334530392D434135342D343039432D393334382D413732374536413044304344222069643D2242504D4E456467655F7369642D36433045334530392D434135342D343039432D393334382D413732374536413044304344223E0A20202020202020203C6F6D6764693A776179706F696E7420783D223139352E302220793D223130392E30223E3C2F6F6D6764693A776179706F696E743E0A20202020202020203C6F6D6764693A776179706F696E7420783D223330302E302220793D223130392E30223E3C2F6F6D6764693A776179706F696E743E0A2020202020203C2F62706D6E64693A42504D4E456467653E0A202020203C2F62706D6E64693A42504D4E506C616E653E0A20203C2F62706D6E64693A42504D4E4469616772616D3E0A3C2F646566696E6974696F6E733E, 0);
COMMIT;

-- ----------------------------
-- Table structure for ACT_GE_PROPERTY
-- ----------------------------
DROP TABLE IF EXISTS `ACT_GE_PROPERTY`;
CREATE TABLE `ACT_GE_PROPERTY` (
  `NAME_` varchar(64) COLLATE utf8mb3_bin NOT NULL,
  `VALUE_` varchar(300) COLLATE utf8mb3_bin DEFAULT NULL,
  `REV_` int DEFAULT NULL,
  PRIMARY KEY (`NAME_`)
) ENGINE=InnoDB DEFAULT CHARSET=utf8mb3 COLLATE=utf8mb3_bin;

-- ----------------------------
-- Records of ACT_GE_PROPERTY
-- ----------------------------
BEGIN;
INSERT INTO `ACT_GE_PROPERTY` (`NAME_`, `VALUE_`, `REV_`) VALUES ('cfg.execution-related-entities-count', 'false', 1);
INSERT INTO `ACT_GE_PROPERTY` (`NAME_`, `VALUE_`, `REV_`) VALUES ('next.dbid', '1', 1);
INSERT INTO `ACT_GE_PROPERTY` (`NAME_`, `VALUE_`, `REV_`) VALUES ('schema.history', 'create(7.1.0-M6)', 1);
INSERT INTO `ACT_GE_PROPERTY` (`NAME_`, `VALUE_`, `REV_`) VALUES ('schema.version', '7.1.0-M6', 1);
COMMIT;

-- ----------------------------
-- Table structure for ACT_HI_ACTINST
-- ----------------------------
DROP TABLE IF EXISTS `ACT_HI_ACTINST`;
CREATE TABLE `ACT_HI_ACTINST` (
  `ID_` varchar(64) COLLATE utf8mb3_bin NOT NULL,
  `PROC_DEF_ID_` varchar(64) COLLATE utf8mb3_bin NOT NULL,
  `PROC_INST_ID_` varchar(64) COLLATE utf8mb3_bin NOT NULL,
  `EXECUTION_ID_` varchar(64) COLLATE utf8mb3_bin NOT NULL,
  `ACT_ID_` varchar(255) COLLATE utf8mb3_bin NOT NULL,
  `TASK_ID_` varchar(64) COLLATE utf8mb3_bin DEFAULT NULL,
  `CALL_PROC_INST_ID_` varchar(64) COLLATE utf8mb3_bin DEFAULT NULL,
  `ACT_NAME_` varchar(255) COLLATE utf8mb3_bin DEFAULT NULL,
  `ACT_TYPE_` varchar(255) COLLATE utf8mb3_bin NOT NULL,
  `ASSIGNEE_` varchar(255) COLLATE utf8mb3_bin DEFAULT NULL,
  `START_TIME_` datetime(3) NOT NULL,
  `END_TIME_` datetime(3) DEFAULT NULL,
  `DURATION_` bigint DEFAULT NULL,
  `DELETE_REASON_` varchar(4000) COLLATE utf8mb3_bin DEFAULT NULL,
  `TENANT_ID_` varchar(255) COLLATE utf8mb3_bin DEFAULT '',
  PRIMARY KEY (`ID_`),
  KEY `ACT_IDX_HI_ACT_INST_START` (`START_TIME_`),
  KEY `ACT_IDX_HI_ACT_INST_END` (`END_TIME_`),
  KEY `ACT_IDX_HI_ACT_INST_PROCINST` (`PROC_INST_ID_`,`ACT_ID_`),
  KEY `ACT_IDX_HI_ACT_INST_EXEC` (`EXECUTION_ID_`,`ACT_ID_`)
) ENGINE=InnoDB DEFAULT CHARSET=utf8mb3 COLLATE=utf8mb3_bin;

-- ----------------------------
-- Records of ACT_HI_ACTINST
-- ----------------------------
BEGIN;
INSERT INTO `ACT_HI_ACTINST` (`ID_`, `PROC_DEF_ID_`, `PROC_INST_ID_`, `EXECUTION_ID_`, `ACT_ID_`, `TASK_ID_`, `CALL_PROC_INST_ID_`, `ACT_NAME_`, `ACT_TYPE_`, `ASSIGNEE_`, `START_TIME_`, `END_TIME_`, `DURATION_`, `DELETE_REASON_`, `TENANT_ID_`) VALUES ('1e9c81c6-d914-11ed-911b-581122a46875', 'complete_leave:1:c95b677a-d913-11ed-a2c4-581122a46875', '1e9c0c92-d914-11ed-911b-581122a46875', '1e9c5ab5-d914-11ed-911b-581122a46875', 'sid-891F526A-A083-4BF8-A58A-5DAFC469C818', NULL, NULL, NULL, 'startEvent', NULL, '2023-04-12 17:26:35.450', '2023-04-12 17:26:35.452', 2, NULL, '');
INSERT INTO `ACT_HI_ACTINST` (`ID_`, `PROC_DEF_ID_`, `PROC_INST_ID_`, `EXECUTION_ID_`, `ACT_ID_`, `TASK_ID_`, `CALL_PROC_INST_ID_`, `ACT_NAME_`, `ACT_TYPE_`, `ASSIGNEE_`, `START_TIME_`, `END_TIME_`, `DURATION_`, `DELETE_REASON_`, `TENANT_ID_`) VALUES ('1e9cf6f7-d914-11ed-911b-581122a46875', 'complete_leave:1:c95b677a-d913-11ed-a2c4-581122a46875', '1e9c0c92-d914-11ed-911b-581122a46875', '1e9c5ab5-d914-11ed-911b-581122a46875', 'sid-30B192F9-0844-446D-8291-B727EE76729C', NULL, NULL, NULL, 'exclusiveGateway', NULL, '2023-04-12 17:26:35.453', '2023-04-12 17:26:35.465', 12, NULL, '');
INSERT INTO `ACT_HI_ACTINST` (`ID_`, `PROC_DEF_ID_`, `PROC_INST_ID_`, `EXECUTION_ID_`, `ACT_ID_`, `TASK_ID_`, `CALL_PROC_INST_ID_`, `ACT_NAME_`, `ACT_TYPE_`, `ASSIGNEE_`, `START_TIME_`, `END_TIME_`, `DURATION_`, `DELETE_REASON_`, `TENANT_ID_`) VALUES ('1e9ecbb8-d914-11ed-911b-581122a46875', 'complete_leave:1:c95b677a-d913-11ed-a2c4-581122a46875', '1e9c0c92-d914-11ed-911b-581122a46875', '1e9c5ab5-d914-11ed-911b-581122a46875', 'sid-BDF6586D-510A-4AFE-B837-1900C529DD74', '1e9ecbb9-d914-11ed-911b-581122a46875', NULL, '', 'userTask', 'Jesse', '2023-04-12 17:26:35.465', '2023-04-12 17:30:06.398', 210933, NULL, '');
INSERT INTO `ACT_HI_ACTINST` (`ID_`, `PROC_DEF_ID_`, `PROC_INST_ID_`, `EXECUTION_ID_`, `ACT_ID_`, `TASK_ID_`, `CALL_PROC_INST_ID_`, `ACT_NAME_`, `ACT_TYPE_`, `ASSIGNEE_`, `START_TIME_`, `END_TIME_`, `DURATION_`, `DELETE_REASON_`, `TENANT_ID_`) VALUES ('255869a4-e99a-11ed-8f4c-581122a46875', 'leave:2:177aa5f9-e8bd-11ed-8e80-581122a46875', 'df93deed-e8c3-11ed-91dc-581122a46875', 'df94a240-e8c3-11ed-91dc-581122a46875', 'sid-9B6BA03D-E279-4C2F-81DE-A806A6E53686', '25595405-e99a-11ed-8f4c-581122a46875', NULL, '', 'userTask', 'lrsjl', '2023-05-03 18:06:17.914', '2023-05-03 18:10:59.134', 281220, NULL, '');
INSERT INTO `ACT_HI_ACTINST` (`ID_`, `PROC_DEF_ID_`, `PROC_INST_ID_`, `EXECUTION_ID_`, `ACT_ID_`, `TASK_ID_`, `CALL_PROC_INST_ID_`, `ACT_NAME_`, `ACT_TYPE_`, `ASSIGNEE_`, `START_TIME_`, `END_TIME_`, `DURATION_`, `DELETE_REASON_`, `TENANT_ID_`) VALUES ('37158886-ebd6-11ed-b3cb-581122a46875', 'leave:2:177aa5f9-e8bd-11ed-8e80-581122a46875', '37158882-ebd6-11ed-b3cb-581122a46875', '37158885-ebd6-11ed-b3cb-581122a46875', 'sid-BFD04EBB-8038-445F-9F99-E05B68830AD8', NULL, NULL, NULL, 'startEvent', NULL, '2023-05-06 14:21:19.804', '2023-05-06 14:21:19.804', 0, NULL, '');
INSERT INTO `ACT_HI_ACTINST` (`ID_`, `PROC_DEF_ID_`, `PROC_INST_ID_`, `EXECUTION_ID_`, `ACT_ID_`, `TASK_ID_`, `CALL_PROC_INST_ID_`, `ACT_NAME_`, `ACT_TYPE_`, `ASSIGNEE_`, `START_TIME_`, `END_TIME_`, `DURATION_`, `DELETE_REASON_`, `TENANT_ID_`) VALUES ('37158887-ebd6-11ed-b3cb-581122a46875', 'leave:2:177aa5f9-e8bd-11ed-8e80-581122a46875', '37158882-ebd6-11ed-b3cb-581122a46875', '37158885-ebd6-11ed-b3cb-581122a46875', 'sid-DE23161F-A106-4C83-93CF-18261B862664', '37158888-ebd6-11ed-b3cb-581122a46875', NULL, '', 'userTask', 'wjl', '2023-05-06 14:21:19.804', '2023-05-06 14:23:50.383', 150579, NULL, '');
INSERT INTO `ACT_HI_ACTINST` (`ID_`, `PROC_DEF_ID_`, `PROC_INST_ID_`, `EXECUTION_ID_`, `ACT_ID_`, `TASK_ID_`, `CALL_PROC_INST_ID_`, `ACT_NAME_`, `ACT_TYPE_`, `ASSIGNEE_`, `START_TIME_`, `END_TIME_`, `DURATION_`, `DELETE_REASON_`, `TENANT_ID_`) VALUES ('6b1d3911-ebd2-11ed-b3cb-581122a46875', 'leave:2:177aa5f9-e8bd-11ed-8e80-581122a46875', 'b78c4e50-ebca-11ed-b3cb-581122a46875', 'b78cea93-ebca-11ed-b3cb-581122a46875', 'sid-3A16CFB9-6327-40FC-BB63-CE7F190E7EAC', NULL, NULL, NULL, 'endEvent', NULL, '2023-05-06 13:54:09.109', '2023-05-06 13:54:09.109', 0, NULL, '');
INSERT INTO `ACT_HI_ACTINST` (`ID_`, `PROC_DEF_ID_`, `PROC_INST_ID_`, `EXECUTION_ID_`, `ACT_ID_`, `TASK_ID_`, `CALL_PROC_INST_ID_`, `ACT_NAME_`, `ACT_TYPE_`, `ASSIGNEE_`, `START_TIME_`, `END_TIME_`, `DURATION_`, `DELETE_REASON_`, `TENANT_ID_`) VALUES ('8cf2f843-ebd8-11ed-b3cb-581122a46875', 'leave:2:177aa5f9-e8bd-11ed-8e80-581122a46875', '37158882-ebd6-11ed-b3cb-581122a46875', '37158885-ebd6-11ed-b3cb-581122a46875', 'sid-3A16CFB9-6327-40FC-BB63-CE7F190E7EAC', NULL, NULL, NULL, 'endEvent', NULL, '2023-05-06 14:38:02.855', '2023-05-06 14:38:02.855', 0, NULL, '');
INSERT INTO `ACT_HI_ACTINST` (`ID_`, `PROC_DEF_ID_`, `PROC_INST_ID_`, `EXECUTION_ID_`, `ACT_ID_`, `TASK_ID_`, `CALL_PROC_INST_ID_`, `ACT_NAME_`, `ACT_TYPE_`, `ASSIGNEE_`, `START_TIME_`, `END_TIME_`, `DURATION_`, `DELETE_REASON_`, `TENANT_ID_`) VALUES ('90d610bd-ebd6-11ed-b3cb-581122a46875', 'leave:2:177aa5f9-e8bd-11ed-8e80-581122a46875', '37158882-ebd6-11ed-b3cb-581122a46875', '37158885-ebd6-11ed-b3cb-581122a46875', 'sid-9B6BA03D-E279-4C2F-81DE-A806A6E53686', '90d610be-ebd6-11ed-b3cb-581122a46875', NULL, '', 'userTask', 'lrsjl', '2023-05-06 14:23:50.383', '2023-05-06 14:38:02.855', 852472, NULL, '');
INSERT INTO `ACT_HI_ACTINST` (`ID_`, `PROC_DEF_ID_`, `PROC_INST_ID_`, `EXECUTION_ID_`, `ACT_ID_`, `TASK_ID_`, `CALL_PROC_INST_ID_`, `ACT_NAME_`, `ACT_TYPE_`, `ASSIGNEE_`, `START_TIME_`, `END_TIME_`, `DURATION_`, `DELETE_REASON_`, `TENANT_ID_`) VALUES ('9c58ec6a-d914-11ed-823f-581122a46875', 'complete_leave:1:c95b677a-d913-11ed-a2c4-581122a46875', '1e9c0c92-d914-11ed-911b-581122a46875', '1e9c5ab5-d914-11ed-911b-581122a46875', 'sid-6C8E0D52-5285-4518-8212-0A9AEA5465E6', '9c5a4bfb-d914-11ed-823f-581122a46875', NULL, '', 'userTask', 'Walter', '2023-04-12 17:30:06.400', NULL, NULL, NULL, '');
INSERT INTO `ACT_HI_ACTINST` (`ID_`, `PROC_DEF_ID_`, `PROC_INST_ID_`, `EXECUTION_ID_`, `ACT_ID_`, `TASK_ID_`, `CALL_PROC_INST_ID_`, `ACT_NAME_`, `ACT_TYPE_`, `ASSIGNEE_`, `START_TIME_`, `END_TIME_`, `DURATION_`, `DELETE_REASON_`, `TENANT_ID_`) VALUES ('b78d38b4-ebca-11ed-b3cb-581122a46875', 'leave:2:177aa5f9-e8bd-11ed-8e80-581122a46875', 'b78c4e50-ebca-11ed-b3cb-581122a46875', 'b78cea93-ebca-11ed-b3cb-581122a46875', 'sid-BFD04EBB-8038-445F-9F99-E05B68830AD8', NULL, NULL, NULL, 'startEvent', NULL, '2023-05-06 12:59:01.376', '2023-05-06 12:59:01.377', 1, NULL, '');
INSERT INTO `ACT_HI_ACTINST` (`ID_`, `PROC_DEF_ID_`, `PROC_INST_ID_`, `EXECUTION_ID_`, `ACT_ID_`, `TASK_ID_`, `CALL_PROC_INST_ID_`, `ACT_NAME_`, `ACT_TYPE_`, `ASSIGNEE_`, `START_TIME_`, `END_TIME_`, `DURATION_`, `DELETE_REASON_`, `TENANT_ID_`) VALUES ('b78d86d5-ebca-11ed-b3cb-581122a46875', 'leave:2:177aa5f9-e8bd-11ed-8e80-581122a46875', 'b78c4e50-ebca-11ed-b3cb-581122a46875', 'b78cea93-ebca-11ed-b3cb-581122a46875', 'sid-DE23161F-A106-4C83-93CF-18261B862664', 'b78ebf56-ebca-11ed-b3cb-581122a46875', NULL, '', 'userTask', 'wjl', '2023-05-06 12:59:01.378', '2023-05-06 13:50:47.814', 3106436, NULL, '');
INSERT INTO `ACT_HI_ACTINST` (`ID_`, `PROC_DEF_ID_`, `PROC_INST_ID_`, `EXECUTION_ID_`, `ACT_ID_`, `TASK_ID_`, `CALL_PROC_INST_ID_`, `ACT_NAME_`, `ACT_TYPE_`, `ASSIGNEE_`, `START_TIME_`, `END_TIME_`, `DURATION_`, `DELETE_REASON_`, `TENANT_ID_`) VALUES ('ccf72dea-e99a-11ed-8f4c-581122a46875', 'leave:2:177aa5f9-e8bd-11ed-8e80-581122a46875', 'df93deed-e8c3-11ed-91dc-581122a46875', 'df94a240-e8c3-11ed-91dc-581122a46875', 'sid-3A16CFB9-6327-40FC-BB63-CE7F190E7EAC', NULL, NULL, NULL, 'endEvent', NULL, '2023-05-03 18:10:59.134', '2023-05-03 18:10:59.134', 0, NULL, '');
INSERT INTO `ACT_HI_ACTINST` (`ID_`, `PROC_DEF_ID_`, `PROC_INST_ID_`, `EXECUTION_ID_`, `ACT_ID_`, `TASK_ID_`, `CALL_PROC_INST_ID_`, `ACT_NAME_`, `ACT_TYPE_`, `ASSIGNEE_`, `START_TIME_`, `END_TIME_`, `DURATION_`, `DELETE_REASON_`, `TENANT_ID_`) VALUES ('df94c951-e8c3-11ed-91dc-581122a46875', 'leave:2:177aa5f9-e8bd-11ed-8e80-581122a46875', 'df93deed-e8c3-11ed-91dc-581122a46875', 'df94a240-e8c3-11ed-91dc-581122a46875', 'sid-BFD04EBB-8038-445F-9F99-E05B68830AD8', NULL, NULL, NULL, 'startEvent', NULL, '2023-05-02 16:32:28.569', '2023-05-02 16:32:28.571', 2, NULL, '');
INSERT INTO `ACT_HI_ACTINST` (`ID_`, `PROC_DEF_ID_`, `PROC_INST_ID_`, `EXECUTION_ID_`, `ACT_ID_`, `TASK_ID_`, `CALL_PROC_INST_ID_`, `ACT_NAME_`, `ACT_TYPE_`, `ASSIGNEE_`, `START_TIME_`, `END_TIME_`, `DURATION_`, `DELETE_REASON_`, `TENANT_ID_`) VALUES ('df956592-e8c3-11ed-91dc-581122a46875', 'leave:2:177aa5f9-e8bd-11ed-8e80-581122a46875', 'df93deed-e8c3-11ed-91dc-581122a46875', 'df94a240-e8c3-11ed-91dc-581122a46875', 'sid-DE23161F-A106-4C83-93CF-18261B862664', 'df969e13-e8c3-11ed-91dc-581122a46875', NULL, '', 'userTask', 'wjl', '2023-05-02 16:32:28.573', '2023-05-03 18:06:17.912', 92029339, NULL, '');
INSERT INTO `ACT_HI_ACTINST` (`ID_`, `PROC_DEF_ID_`, `PROC_INST_ID_`, `EXECUTION_ID_`, `ACT_ID_`, `TASK_ID_`, `CALL_PROC_INST_ID_`, `ACT_NAME_`, `ACT_TYPE_`, `ASSIGNEE_`, `START_TIME_`, `END_TIME_`, `DURATION_`, `DELETE_REASON_`, `TENANT_ID_`) VALUES ('f3220b1b-ebd1-11ed-b3cb-581122a46875', 'leave:2:177aa5f9-e8bd-11ed-8e80-581122a46875', 'b78c4e50-ebca-11ed-b3cb-581122a46875', 'b78cea93-ebca-11ed-b3cb-581122a46875', 'sid-9B6BA03D-E279-4C2F-81DE-A806A6E53686', 'f3220b1c-ebd1-11ed-b3cb-581122a46875', NULL, '', 'userTask', 'lrsjl', '2023-05-06 13:50:47.814', '2023-05-06 13:54:09.108', 201294, NULL, '');
COMMIT;

-- ----------------------------
-- Table structure for ACT_HI_ATTACHMENT
-- ----------------------------
DROP TABLE IF EXISTS `ACT_HI_ATTACHMENT`;
CREATE TABLE `ACT_HI_ATTACHMENT` (
  `ID_` varchar(64) COLLATE utf8mb3_bin NOT NULL,
  `REV_` int DEFAULT NULL,
  `USER_ID_` varchar(255) COLLATE utf8mb3_bin DEFAULT NULL,
  `NAME_` varchar(255) COLLATE utf8mb3_bin DEFAULT NULL,
  `DESCRIPTION_` varchar(4000) COLLATE utf8mb3_bin DEFAULT NULL,
  `TYPE_` varchar(255) COLLATE utf8mb3_bin DEFAULT NULL,
  `TASK_ID_` varchar(64) COLLATE utf8mb3_bin DEFAULT NULL,
  `PROC_INST_ID_` varchar(64) COLLATE utf8mb3_bin DEFAULT NULL,
  `URL_` varchar(4000) COLLATE utf8mb3_bin DEFAULT NULL,
  `CONTENT_ID_` varchar(64) COLLATE utf8mb3_bin DEFAULT NULL,
  `TIME_` datetime(3) DEFAULT NULL,
  PRIMARY KEY (`ID_`)
) ENGINE=InnoDB DEFAULT CHARSET=utf8mb3 COLLATE=utf8mb3_bin;

-- ----------------------------
-- Records of ACT_HI_ATTACHMENT
-- ----------------------------
BEGIN;
COMMIT;

-- ----------------------------
-- Table structure for ACT_HI_COMMENT
-- ----------------------------
DROP TABLE IF EXISTS `ACT_HI_COMMENT`;
CREATE TABLE `ACT_HI_COMMENT` (
  `ID_` varchar(64) COLLATE utf8mb3_bin NOT NULL,
  `TYPE_` varchar(255) COLLATE utf8mb3_bin DEFAULT NULL,
  `TIME_` datetime(3) NOT NULL,
  `USER_ID_` varchar(255) COLLATE utf8mb3_bin DEFAULT NULL,
  `TASK_ID_` varchar(64) COLLATE utf8mb3_bin DEFAULT NULL,
  `PROC_INST_ID_` varchar(64) COLLATE utf8mb3_bin DEFAULT NULL,
  `ACTION_` varchar(255) COLLATE utf8mb3_bin DEFAULT NULL,
  `MESSAGE_` varchar(4000) COLLATE utf8mb3_bin DEFAULT NULL,
  `FULL_MSG_` longblob,
  PRIMARY KEY (`ID_`)
) ENGINE=InnoDB DEFAULT CHARSET=utf8mb3 COLLATE=utf8mb3_bin;

-- ----------------------------
-- Records of ACT_HI_COMMENT
-- ----------------------------
BEGIN;
COMMIT;

-- ----------------------------
-- Table structure for ACT_HI_DETAIL
-- ----------------------------
DROP TABLE IF EXISTS `ACT_HI_DETAIL`;
CREATE TABLE `ACT_HI_DETAIL` (
  `ID_` varchar(64) COLLATE utf8mb3_bin NOT NULL,
  `TYPE_` varchar(255) COLLATE utf8mb3_bin NOT NULL,
  `PROC_INST_ID_` varchar(64) COLLATE utf8mb3_bin DEFAULT NULL,
  `EXECUTION_ID_` varchar(64) COLLATE utf8mb3_bin DEFAULT NULL,
  `TASK_ID_` varchar(64) COLLATE utf8mb3_bin DEFAULT NULL,
  `ACT_INST_ID_` varchar(64) COLLATE utf8mb3_bin DEFAULT NULL,
  `NAME_` varchar(255) COLLATE utf8mb3_bin NOT NULL,
  `VAR_TYPE_` varchar(255) COLLATE utf8mb3_bin DEFAULT NULL,
  `REV_` int DEFAULT NULL,
  `TIME_` datetime(3) NOT NULL,
  `BYTEARRAY_ID_` varchar(64) COLLATE utf8mb3_bin DEFAULT NULL,
  `DOUBLE_` double DEFAULT NULL,
  `LONG_` bigint DEFAULT NULL,
  `TEXT_` varchar(4000) COLLATE utf8mb3_bin DEFAULT NULL,
  `TEXT2_` varchar(4000) COLLATE utf8mb3_bin DEFAULT NULL,
  PRIMARY KEY (`ID_`),
  KEY `ACT_IDX_HI_DETAIL_PROC_INST` (`PROC_INST_ID_`),
  KEY `ACT_IDX_HI_DETAIL_ACT_INST` (`ACT_INST_ID_`),
  KEY `ACT_IDX_HI_DETAIL_TIME` (`TIME_`),
  KEY `ACT_IDX_HI_DETAIL_NAME` (`NAME_`),
  KEY `ACT_IDX_HI_DETAIL_TASK_ID` (`TASK_ID_`)
) ENGINE=InnoDB DEFAULT CHARSET=utf8mb3 COLLATE=utf8mb3_bin;

-- ----------------------------
-- Records of ACT_HI_DETAIL
-- ----------------------------
BEGIN;
INSERT INTO `ACT_HI_DETAIL` (`ID_`, `TYPE_`, `PROC_INST_ID_`, `EXECUTION_ID_`, `TASK_ID_`, `ACT_INST_ID_`, `NAME_`, `VAR_TYPE_`, `REV_`, `TIME_`, `BYTEARRAY_ID_`, `DOUBLE_`, `LONG_`, `TEXT_`, `TEXT2_`) VALUES ('1e9c33a4-d914-11ed-911b-581122a46875', 'VariableUpdate', '1e9c0c92-d914-11ed-911b-581122a46875', '1e9c0c92-d914-11ed-911b-581122a46875', NULL, NULL, 'day', 'integer', 0, '2023-04-12 17:26:35.448', NULL, NULL, 2, '2', NULL);
INSERT INTO `ACT_HI_DETAIL` (`ID_`, `TYPE_`, `PROC_INST_ID_`, `EXECUTION_ID_`, `TASK_ID_`, `ACT_INST_ID_`, `NAME_`, `VAR_TYPE_`, `REV_`, `TIME_`, `BYTEARRAY_ID_`, `DOUBLE_`, `LONG_`, `TEXT_`, `TEXT2_`) VALUES ('1e9f40eb-d914-11ed-911b-581122a46875', 'VariableUpdate', '1e9c0c92-d914-11ed-911b-581122a46875', '1e9c5ab5-d914-11ed-911b-581122a46875', '1e9ecbb9-d914-11ed-911b-581122a46875', NULL, 'day', 'integer', 0, '2023-04-12 17:26:35.468', NULL, NULL, 2, '2', NULL);
INSERT INTO `ACT_HI_DETAIL` (`ID_`, `TYPE_`, `PROC_INST_ID_`, `EXECUTION_ID_`, `TASK_ID_`, `ACT_INST_ID_`, `NAME_`, `VAR_TYPE_`, `REV_`, `TIME_`, `BYTEARRAY_ID_`, `DOUBLE_`, `LONG_`, `TEXT_`, `TEXT2_`) VALUES ('2557cd63-e99a-11ed-8f4c-581122a46875', 'VariableUpdate', 'df93deed-e8c3-11ed-91dc-581122a46875', 'df93deed-e8c3-11ed-91dc-581122a46875', NULL, NULL, 'data', 'json', 1, '2023-05-03 18:06:17.910', NULL, NULL, NULL, '{\"reason\":\"\",\"time\":[\"2023-05-02 00:00:00\",\"2023-05-12 00:00:00\"]}', 'java.util.LinkedHashMap');
INSERT INTO `ACT_HI_DETAIL` (`ID_`, `TYPE_`, `PROC_INST_ID_`, `EXECUTION_ID_`, `TASK_ID_`, `ACT_INST_ID_`, `NAME_`, `VAR_TYPE_`, `REV_`, `TIME_`, `BYTEARRAY_ID_`, `DOUBLE_`, `LONG_`, `TEXT_`, `TEXT2_`) VALUES ('2559c937-e99a-11ed-8f4c-581122a46875', 'VariableUpdate', 'df93deed-e8c3-11ed-91dc-581122a46875', 'df94a240-e8c3-11ed-91dc-581122a46875', '25595405-e99a-11ed-8f4c-581122a46875', NULL, 'data', 'json', 0, '2023-05-03 18:06:17.923', NULL, NULL, NULL, '{\"reason\":\"\",\"time\":[\"2023-05-02 00:00:00\",\"2023-05-12 00:00:00\"]}', 'java.util.LinkedHashMap');
INSERT INTO `ACT_HI_DETAIL` (`ID_`, `TYPE_`, `PROC_INST_ID_`, `EXECUTION_ID_`, `TASK_ID_`, `ACT_INST_ID_`, `NAME_`, `VAR_TYPE_`, `REV_`, `TIME_`, `BYTEARRAY_ID_`, `DOUBLE_`, `LONG_`, `TEXT_`, `TEXT2_`) VALUES ('37158884-ebd6-11ed-b3cb-581122a46875', 'VariableUpdate', '37158882-ebd6-11ed-b3cb-581122a46875', '37158882-ebd6-11ed-b3cb-581122a46875', NULL, NULL, 'data', 'json', 0, '2023-05-06 14:21:19.804', NULL, NULL, NULL, '{\"reason\":\"\",\"time\":[\"2023-05-06 00:00:00\",\"2023-05-19 00:00:00\"]}', 'java.util.HashMap');
INSERT INTO `ACT_HI_DETAIL` (`ID_`, `TYPE_`, `PROC_INST_ID_`, `EXECUTION_ID_`, `TASK_ID_`, `ACT_INST_ID_`, `NAME_`, `VAR_TYPE_`, `REV_`, `TIME_`, `BYTEARRAY_ID_`, `DOUBLE_`, `LONG_`, `TEXT_`, `TEXT2_`) VALUES ('3715af9a-ebd6-11ed-b3cb-581122a46875', 'VariableUpdate', '37158882-ebd6-11ed-b3cb-581122a46875', '37158885-ebd6-11ed-b3cb-581122a46875', '37158888-ebd6-11ed-b3cb-581122a46875', NULL, 'data', 'json', 0, '2023-05-06 14:21:19.805', NULL, NULL, NULL, '{\"reason\":\"\",\"time\":[\"2023-05-06 00:00:00\",\"2023-05-19 00:00:00\"]}', 'java.util.LinkedHashMap');
INSERT INTO `ACT_HI_DETAIL` (`ID_`, `TYPE_`, `PROC_INST_ID_`, `EXECUTION_ID_`, `TASK_ID_`, `ACT_INST_ID_`, `NAME_`, `VAR_TYPE_`, `REV_`, `TIME_`, `BYTEARRAY_ID_`, `DOUBLE_`, `LONG_`, `TEXT_`, `TEXT2_`) VALUES ('6b1d1200-ebd2-11ed-b3cb-581122a46875', 'VariableUpdate', 'b78c4e50-ebca-11ed-b3cb-581122a46875', 'b78c4e50-ebca-11ed-b3cb-581122a46875', NULL, NULL, 'data', 'json', 2, '2023-05-06 13:54:09.108', NULL, NULL, NULL, '{\"reason\":\"\",\"time\":[\"2023-05-06 00:00:00\",\"2023-05-13 00:00:00\"]}', 'java.util.LinkedHashMap');
INSERT INTO `ACT_HI_DETAIL` (`ID_`, `TYPE_`, `PROC_INST_ID_`, `EXECUTION_ID_`, `TASK_ID_`, `ACT_INST_ID_`, `NAME_`, `VAR_TYPE_`, `REV_`, `TIME_`, `BYTEARRAY_ID_`, `DOUBLE_`, `LONG_`, `TEXT_`, `TEXT2_`) VALUES ('8cf2d132-ebd8-11ed-b3cb-581122a46875', 'VariableUpdate', '37158882-ebd6-11ed-b3cb-581122a46875', '37158882-ebd6-11ed-b3cb-581122a46875', NULL, NULL, 'data', 'json', 2, '2023-05-06 14:38:02.854', NULL, NULL, NULL, '{\"reason\":\"\",\"time\":[\"2023-05-06 00:00:00\",\"2023-05-19 00:00:00\"]}', 'java.util.LinkedHashMap');
INSERT INTO `ACT_HI_DETAIL` (`ID_`, `TYPE_`, `PROC_INST_ID_`, `EXECUTION_ID_`, `TASK_ID_`, `ACT_INST_ID_`, `NAME_`, `VAR_TYPE_`, `REV_`, `TIME_`, `BYTEARRAY_ID_`, `DOUBLE_`, `LONG_`, `TEXT_`, `TEXT2_`) VALUES ('90d5e9ac-ebd6-11ed-b3cb-581122a46875', 'VariableUpdate', '37158882-ebd6-11ed-b3cb-581122a46875', '37158882-ebd6-11ed-b3cb-581122a46875', NULL, NULL, 'data', 'json', 1, '2023-05-06 14:23:50.382', NULL, NULL, NULL, '{\"reason\":\"\",\"time\":[\"2023-05-06 00:00:00\",\"2023-05-19 00:00:00\"]}', 'java.util.LinkedHashMap');
INSERT INTO `ACT_HI_DETAIL` (`ID_`, `TYPE_`, `PROC_INST_ID_`, `EXECUTION_ID_`, `TASK_ID_`, `ACT_INST_ID_`, `NAME_`, `VAR_TYPE_`, `REV_`, `TIME_`, `BYTEARRAY_ID_`, `DOUBLE_`, `LONG_`, `TEXT_`, `TEXT2_`) VALUES ('90d637d0-ebd6-11ed-b3cb-581122a46875', 'VariableUpdate', '37158882-ebd6-11ed-b3cb-581122a46875', '37158885-ebd6-11ed-b3cb-581122a46875', '90d610be-ebd6-11ed-b3cb-581122a46875', NULL, 'data', 'json', 0, '2023-05-06 14:23:50.384', NULL, NULL, NULL, '{\"reason\":\"\",\"time\":[\"2023-05-06 00:00:00\",\"2023-05-19 00:00:00\"]}', 'java.util.LinkedHashMap');
INSERT INTO `ACT_HI_DETAIL` (`ID_`, `TYPE_`, `PROC_INST_ID_`, `EXECUTION_ID_`, `TASK_ID_`, `ACT_INST_ID_`, `NAME_`, `VAR_TYPE_`, `REV_`, `TIME_`, `BYTEARRAY_ID_`, `DOUBLE_`, `LONG_`, `TEXT_`, `TEXT2_`) VALUES ('9c57daf9-d914-11ed-823f-581122a46875', 'VariableUpdate', '1e9c0c92-d914-11ed-911b-581122a46875', '1e9c0c92-d914-11ed-911b-581122a46875', NULL, NULL, 'day', 'integer', 1, '2023-04-12 17:30:06.393', NULL, NULL, 2, '2', NULL);
INSERT INTO `ACT_HI_DETAIL` (`ID_`, `TYPE_`, `PROC_INST_ID_`, `EXECUTION_ID_`, `TASK_ID_`, `ACT_INST_ID_`, `NAME_`, `VAR_TYPE_`, `REV_`, `TIME_`, `BYTEARRAY_ID_`, `DOUBLE_`, `LONG_`, `TEXT_`, `TEXT2_`) VALUES ('9c5a9a1d-d914-11ed-823f-581122a46875', 'VariableUpdate', '1e9c0c92-d914-11ed-911b-581122a46875', '1e9c5ab5-d914-11ed-911b-581122a46875', '9c5a4bfb-d914-11ed-823f-581122a46875', NULL, 'day', 'integer', 0, '2023-04-12 17:30:06.411', NULL, NULL, 2, '2', NULL);
INSERT INTO `ACT_HI_DETAIL` (`ID_`, `TYPE_`, `PROC_INST_ID_`, `EXECUTION_ID_`, `TASK_ID_`, `ACT_INST_ID_`, `NAME_`, `VAR_TYPE_`, `REV_`, `TIME_`, `BYTEARRAY_ID_`, `DOUBLE_`, `LONG_`, `TEXT_`, `TEXT2_`) VALUES ('b78cc382-ebca-11ed-b3cb-581122a46875', 'VariableUpdate', 'b78c4e50-ebca-11ed-b3cb-581122a46875', 'b78c4e50-ebca-11ed-b3cb-581122a46875', NULL, NULL, 'data', 'json', 0, '2023-05-06 12:59:01.373', NULL, NULL, NULL, '{\"reason\":\"\",\"time\":[\"2023-05-06 00:00:00\",\"2023-05-13 00:00:00\"]}', 'java.util.HashMap');
INSERT INTO `ACT_HI_DETAIL` (`ID_`, `TYPE_`, `PROC_INST_ID_`, `EXECUTION_ID_`, `TASK_ID_`, `ACT_INST_ID_`, `NAME_`, `VAR_TYPE_`, `REV_`, `TIME_`, `BYTEARRAY_ID_`, `DOUBLE_`, `LONG_`, `TEXT_`, `TEXT2_`) VALUES ('b78f82a8-ebca-11ed-b3cb-581122a46875', 'VariableUpdate', 'b78c4e50-ebca-11ed-b3cb-581122a46875', 'b78cea93-ebca-11ed-b3cb-581122a46875', 'b78ebf56-ebca-11ed-b3cb-581122a46875', NULL, 'data', 'json', 0, '2023-05-06 12:59:01.391', NULL, NULL, NULL, '{\"reason\":\"\",\"time\":[\"2023-05-06 00:00:00\",\"2023-05-13 00:00:00\"]}', 'java.util.LinkedHashMap');
INSERT INTO `ACT_HI_DETAIL` (`ID_`, `TYPE_`, `PROC_INST_ID_`, `EXECUTION_ID_`, `TASK_ID_`, `ACT_INST_ID_`, `NAME_`, `VAR_TYPE_`, `REV_`, `TIME_`, `BYTEARRAY_ID_`, `DOUBLE_`, `LONG_`, `TEXT_`, `TEXT2_`) VALUES ('ccf706d9-e99a-11ed-8f4c-581122a46875', 'VariableUpdate', 'df93deed-e8c3-11ed-91dc-581122a46875', 'df93deed-e8c3-11ed-91dc-581122a46875', NULL, NULL, 'data', 'json', 2, '2023-05-03 18:10:59.133', NULL, NULL, NULL, '{\"reason\":\"\",\"time\":[\"2023-05-02 00:00:00\",\"2023-05-12 00:00:00\"]}', 'java.util.LinkedHashMap');
INSERT INTO `ACT_HI_DETAIL` (`ID_`, `TYPE_`, `PROC_INST_ID_`, `EXECUTION_ID_`, `TASK_ID_`, `ACT_INST_ID_`, `NAME_`, `VAR_TYPE_`, `REV_`, `TIME_`, `BYTEARRAY_ID_`, `DOUBLE_`, `LONG_`, `TEXT_`, `TEXT2_`) VALUES ('df947b2f-e8c3-11ed-91dc-581122a46875', 'VariableUpdate', 'df93deed-e8c3-11ed-91dc-581122a46875', 'df93deed-e8c3-11ed-91dc-581122a46875', NULL, NULL, 'data', 'json', 0, '2023-05-02 16:32:28.567', NULL, NULL, NULL, '{\"reason\":\"\",\"time\":[\"2023-05-02 00:00:00\",\"2023-05-12 00:00:00\"]}', 'java.util.HashMap');
INSERT INTO `ACT_HI_DETAIL` (`ID_`, `TYPE_`, `PROC_INST_ID_`, `EXECUTION_ID_`, `TASK_ID_`, `ACT_INST_ID_`, `NAME_`, `VAR_TYPE_`, `REV_`, `TIME_`, `BYTEARRAY_ID_`, `DOUBLE_`, `LONG_`, `TEXT_`, `TEXT2_`) VALUES ('df976165-e8c3-11ed-91dc-581122a46875', 'VariableUpdate', 'df93deed-e8c3-11ed-91dc-581122a46875', 'df94a240-e8c3-11ed-91dc-581122a46875', 'df969e13-e8c3-11ed-91dc-581122a46875', NULL, 'data', 'json', 0, '2023-05-02 16:32:28.586', NULL, NULL, NULL, '{\"reason\":\"\",\"time\":[\"2023-05-02 00:00:00\",\"2023-05-12 00:00:00\"]}', 'java.util.LinkedHashMap');
INSERT INTO `ACT_HI_DETAIL` (`ID_`, `TYPE_`, `PROC_INST_ID_`, `EXECUTION_ID_`, `TASK_ID_`, `ACT_INST_ID_`, `NAME_`, `VAR_TYPE_`, `REV_`, `TIME_`, `BYTEARRAY_ID_`, `DOUBLE_`, `LONG_`, `TEXT_`, `TEXT2_`) VALUES ('f321bcfa-ebd1-11ed-b3cb-581122a46875', 'VariableUpdate', 'b78c4e50-ebca-11ed-b3cb-581122a46875', 'b78c4e50-ebca-11ed-b3cb-581122a46875', NULL, NULL, 'data', 'json', 1, '2023-05-06 13:50:47.812', NULL, NULL, NULL, '{\"reason\":\"\",\"time\":[\"2023-05-06 00:00:00\",\"2023-05-13 00:00:00\"]}', 'java.util.LinkedHashMap');
INSERT INTO `ACT_HI_DETAIL` (`ID_`, `TYPE_`, `PROC_INST_ID_`, `EXECUTION_ID_`, `TASK_ID_`, `ACT_INST_ID_`, `NAME_`, `VAR_TYPE_`, `REV_`, `TIME_`, `BYTEARRAY_ID_`, `DOUBLE_`, `LONG_`, `TEXT_`, `TEXT2_`) VALUES ('f322322e-ebd1-11ed-b3cb-581122a46875', 'VariableUpdate', 'b78c4e50-ebca-11ed-b3cb-581122a46875', 'b78cea93-ebca-11ed-b3cb-581122a46875', 'f3220b1c-ebd1-11ed-b3cb-581122a46875', NULL, 'data', 'json', 0, '2023-05-06 13:50:47.815', NULL, NULL, NULL, '{\"reason\":\"\",\"time\":[\"2023-05-06 00:00:00\",\"2023-05-13 00:00:00\"]}', 'java.util.LinkedHashMap');
COMMIT;

-- ----------------------------
-- Table structure for ACT_HI_IDENTITYLINK
-- ----------------------------
DROP TABLE IF EXISTS `ACT_HI_IDENTITYLINK`;
CREATE TABLE `ACT_HI_IDENTITYLINK` (
  `ID_` varchar(64) COLLATE utf8mb3_bin NOT NULL,
  `GROUP_ID_` varchar(255) COLLATE utf8mb3_bin DEFAULT NULL,
  `TYPE_` varchar(255) COLLATE utf8mb3_bin DEFAULT NULL,
  `USER_ID_` varchar(255) COLLATE utf8mb3_bin DEFAULT NULL,
  `TASK_ID_` varchar(64) COLLATE utf8mb3_bin DEFAULT NULL,
  `PROC_INST_ID_` varchar(64) COLLATE utf8mb3_bin DEFAULT NULL,
  PRIMARY KEY (`ID_`),
  KEY `ACT_IDX_HI_IDENT_LNK_USER` (`USER_ID_`),
  KEY `ACT_IDX_HI_IDENT_LNK_TASK` (`TASK_ID_`),
  KEY `ACT_IDX_HI_IDENT_LNK_PROCINST` (`PROC_INST_ID_`)
) ENGINE=InnoDB DEFAULT CHARSET=utf8mb3 COLLATE=utf8mb3_bin;

-- ----------------------------
-- Records of ACT_HI_IDENTITYLINK
-- ----------------------------
BEGIN;
INSERT INTO `ACT_HI_IDENTITYLINK` (`ID_`, `GROUP_ID_`, `TYPE_`, `USER_ID_`, `TASK_ID_`, `PROC_INST_ID_`) VALUES ('1e9f67fc-d914-11ed-911b-581122a46875', NULL, 'participant', 'Jesse', NULL, '1e9c0c92-d914-11ed-911b-581122a46875');
INSERT INTO `ACT_HI_IDENTITYLINK` (`ID_`, `GROUP_ID_`, `TYPE_`, `USER_ID_`, `TASK_ID_`, `PROC_INST_ID_`) VALUES ('2559f048-e99a-11ed-8f4c-581122a46875', NULL, 'participant', 'lrsjl', NULL, 'df93deed-e8c3-11ed-91dc-581122a46875');
INSERT INTO `ACT_HI_IDENTITYLINK` (`ID_`, `GROUP_ID_`, `TYPE_`, `USER_ID_`, `TASK_ID_`, `PROC_INST_ID_`) VALUES ('3715af9b-ebd6-11ed-b3cb-581122a46875', NULL, 'participant', 'wjl', NULL, '37158882-ebd6-11ed-b3cb-581122a46875');
INSERT INTO `ACT_HI_IDENTITYLINK` (`ID_`, `GROUP_ID_`, `TYPE_`, `USER_ID_`, `TASK_ID_`, `PROC_INST_ID_`) VALUES ('90d637d1-ebd6-11ed-b3cb-581122a46875', NULL, 'participant', 'lrsjl', NULL, '37158882-ebd6-11ed-b3cb-581122a46875');
INSERT INTO `ACT_HI_IDENTITYLINK` (`ID_`, `GROUP_ID_`, `TYPE_`, `USER_ID_`, `TASK_ID_`, `PROC_INST_ID_`) VALUES ('9c5ac12e-d914-11ed-823f-581122a46875', NULL, 'participant', 'Walter', NULL, '1e9c0c92-d914-11ed-911b-581122a46875');
INSERT INTO `ACT_HI_IDENTITYLINK` (`ID_`, `GROUP_ID_`, `TYPE_`, `USER_ID_`, `TASK_ID_`, `PROC_INST_ID_`) VALUES ('b78f82a9-ebca-11ed-b3cb-581122a46875', NULL, 'participant', 'wjl', NULL, 'b78c4e50-ebca-11ed-b3cb-581122a46875');
INSERT INTO `ACT_HI_IDENTITYLINK` (`ID_`, `GROUP_ID_`, `TYPE_`, `USER_ID_`, `TASK_ID_`, `PROC_INST_ID_`) VALUES ('df976166-e8c3-11ed-91dc-581122a46875', NULL, 'participant', 'wjl', NULL, 'df93deed-e8c3-11ed-91dc-581122a46875');
INSERT INTO `ACT_HI_IDENTITYLINK` (`ID_`, `GROUP_ID_`, `TYPE_`, `USER_ID_`, `TASK_ID_`, `PROC_INST_ID_`) VALUES ('f322322f-ebd1-11ed-b3cb-581122a46875', NULL, 'participant', 'lrsjl', NULL, 'b78c4e50-ebca-11ed-b3cb-581122a46875');
COMMIT;

-- ----------------------------
-- Table structure for ACT_HI_PROCINST
-- ----------------------------
DROP TABLE IF EXISTS `ACT_HI_PROCINST`;
CREATE TABLE `ACT_HI_PROCINST` (
  `ID_` varchar(64) COLLATE utf8mb3_bin NOT NULL,
  `PROC_INST_ID_` varchar(64) COLLATE utf8mb3_bin NOT NULL,
  `BUSINESS_KEY_` varchar(255) COLLATE utf8mb3_bin DEFAULT NULL,
  `PROC_DEF_ID_` varchar(64) COLLATE utf8mb3_bin NOT NULL,
  `START_TIME_` datetime(3) NOT NULL,
  `END_TIME_` datetime(3) DEFAULT NULL,
  `DURATION_` bigint DEFAULT NULL,
  `START_USER_ID_` varchar(255) COLLATE utf8mb3_bin DEFAULT NULL,
  `START_ACT_ID_` varchar(255) COLLATE utf8mb3_bin DEFAULT NULL,
  `END_ACT_ID_` varchar(255) COLLATE utf8mb3_bin DEFAULT NULL,
  `SUPER_PROCESS_INSTANCE_ID_` varchar(64) COLLATE utf8mb3_bin DEFAULT NULL,
  `DELETE_REASON_` varchar(4000) COLLATE utf8mb3_bin DEFAULT NULL,
  `TENANT_ID_` varchar(255) COLLATE utf8mb3_bin DEFAULT '',
  `NAME_` varchar(255) COLLATE utf8mb3_bin DEFAULT NULL,
  PRIMARY KEY (`ID_`),
  UNIQUE KEY `PROC_INST_ID_` (`PROC_INST_ID_`),
  KEY `ACT_IDX_HI_PRO_INST_END` (`END_TIME_`),
  KEY `ACT_IDX_HI_PRO_I_BUSKEY` (`BUSINESS_KEY_`)
) ENGINE=InnoDB DEFAULT CHARSET=utf8mb3 COLLATE=utf8mb3_bin;

-- ----------------------------
-- Records of ACT_HI_PROCINST
-- ----------------------------
BEGIN;
INSERT INTO `ACT_HI_PROCINST` (`ID_`, `PROC_INST_ID_`, `BUSINESS_KEY_`, `PROC_DEF_ID_`, `START_TIME_`, `END_TIME_`, `DURATION_`, `START_USER_ID_`, `START_ACT_ID_`, `END_ACT_ID_`, `SUPER_PROCESS_INSTANCE_ID_`, `DELETE_REASON_`, `TENANT_ID_`, `NAME_`) VALUES ('1e9c0c92-d914-11ed-911b-581122a46875', '1e9c0c92-d914-11ed-911b-581122a46875', NULL, 'complete_leave:1:c95b677a-d913-11ed-a2c4-581122a46875', '2023-04-12 17:26:35.447', NULL, NULL, NULL, 'sid-891F526A-A083-4BF8-A58A-5DAFC469C818', NULL, NULL, NULL, '', NULL);
INSERT INTO `ACT_HI_PROCINST` (`ID_`, `PROC_INST_ID_`, `BUSINESS_KEY_`, `PROC_DEF_ID_`, `START_TIME_`, `END_TIME_`, `DURATION_`, `START_USER_ID_`, `START_ACT_ID_`, `END_ACT_ID_`, `SUPER_PROCESS_INSTANCE_ID_`, `DELETE_REASON_`, `TENANT_ID_`, `NAME_`) VALUES ('37158882-ebd6-11ed-b3cb-581122a46875', '37158882-ebd6-11ed-b3cb-581122a46875', '7', 'leave:2:177aa5f9-e8bd-11ed-8e80-581122a46875', '2023-05-06 14:21:19.804', '2023-05-06 14:38:02.860', 1003056, NULL, 'sid-BFD04EBB-8038-445F-9F99-E05B68830AD8', 'sid-3A16CFB9-6327-40FC-BB63-CE7F190E7EAC', NULL, NULL, '', NULL);
INSERT INTO `ACT_HI_PROCINST` (`ID_`, `PROC_INST_ID_`, `BUSINESS_KEY_`, `PROC_DEF_ID_`, `START_TIME_`, `END_TIME_`, `DURATION_`, `START_USER_ID_`, `START_ACT_ID_`, `END_ACT_ID_`, `SUPER_PROCESS_INSTANCE_ID_`, `DELETE_REASON_`, `TENANT_ID_`, `NAME_`) VALUES ('b78c4e50-ebca-11ed-b3cb-581122a46875', 'b78c4e50-ebca-11ed-b3cb-581122a46875', '6', 'leave:2:177aa5f9-e8bd-11ed-8e80-581122a46875', '2023-05-06 12:59:01.370', '2023-05-06 13:54:09.115', 3307745, NULL, 'sid-BFD04EBB-8038-445F-9F99-E05B68830AD8', 'sid-3A16CFB9-6327-40FC-BB63-CE7F190E7EAC', NULL, NULL, '', NULL);
INSERT INTO `ACT_HI_PROCINST` (`ID_`, `PROC_INST_ID_`, `BUSINESS_KEY_`, `PROC_DEF_ID_`, `START_TIME_`, `END_TIME_`, `DURATION_`, `START_USER_ID_`, `START_ACT_ID_`, `END_ACT_ID_`, `SUPER_PROCESS_INSTANCE_ID_`, `DELETE_REASON_`, `TENANT_ID_`, `NAME_`) VALUES ('df93deed-e8c3-11ed-91dc-581122a46875', 'df93deed-e8c3-11ed-91dc-581122a46875', '4', 'leave:2:177aa5f9-e8bd-11ed-8e80-581122a46875', '2023-05-02 16:32:28.563', '2023-05-03 18:10:59.146', 92310583, NULL, 'sid-BFD04EBB-8038-445F-9F99-E05B68830AD8', 'sid-3A16CFB9-6327-40FC-BB63-CE7F190E7EAC', NULL, NULL, '', NULL);
COMMIT;

-- ----------------------------
-- Table structure for ACT_HI_TASKINST
-- ----------------------------
DROP TABLE IF EXISTS `ACT_HI_TASKINST`;
CREATE TABLE `ACT_HI_TASKINST` (
  `ID_` varchar(64) COLLATE utf8mb3_bin NOT NULL,
  `PROC_DEF_ID_` varchar(64) COLLATE utf8mb3_bin DEFAULT NULL,
  `TASK_DEF_KEY_` varchar(255) COLLATE utf8mb3_bin DEFAULT NULL,
  `PROC_INST_ID_` varchar(64) COLLATE utf8mb3_bin DEFAULT NULL,
  `EXECUTION_ID_` varchar(64) COLLATE utf8mb3_bin DEFAULT NULL,
  `NAME_` varchar(255) COLLATE utf8mb3_bin DEFAULT NULL,
  `PARENT_TASK_ID_` varchar(64) COLLATE utf8mb3_bin DEFAULT NULL,
  `DESCRIPTION_` varchar(4000) COLLATE utf8mb3_bin DEFAULT NULL,
  `OWNER_` varchar(255) COLLATE utf8mb3_bin DEFAULT NULL,
  `ASSIGNEE_` varchar(255) COLLATE utf8mb3_bin DEFAULT NULL,
  `START_TIME_` datetime(3) NOT NULL,
  `CLAIM_TIME_` datetime(3) DEFAULT NULL,
  `END_TIME_` datetime(3) DEFAULT NULL,
  `DURATION_` bigint DEFAULT NULL,
  `DELETE_REASON_` varchar(4000) COLLATE utf8mb3_bin DEFAULT NULL,
  `PRIORITY_` int DEFAULT NULL,
  `DUE_DATE_` datetime(3) DEFAULT NULL,
  `FORM_KEY_` varchar(255) COLLATE utf8mb3_bin DEFAULT NULL,
  `CATEGORY_` varchar(255) COLLATE utf8mb3_bin DEFAULT NULL,
  `TENANT_ID_` varchar(255) COLLATE utf8mb3_bin DEFAULT '',
  PRIMARY KEY (`ID_`),
  KEY `ACT_IDX_HI_TASK_INST_PROCINST` (`PROC_INST_ID_`)
) ENGINE=InnoDB DEFAULT CHARSET=utf8mb3 COLLATE=utf8mb3_bin;

-- ----------------------------
-- Records of ACT_HI_TASKINST
-- ----------------------------
BEGIN;
INSERT INTO `ACT_HI_TASKINST` (`ID_`, `PROC_DEF_ID_`, `TASK_DEF_KEY_`, `PROC_INST_ID_`, `EXECUTION_ID_`, `NAME_`, `PARENT_TASK_ID_`, `DESCRIPTION_`, `OWNER_`, `ASSIGNEE_`, `START_TIME_`, `CLAIM_TIME_`, `END_TIME_`, `DURATION_`, `DELETE_REASON_`, `PRIORITY_`, `DUE_DATE_`, `FORM_KEY_`, `CATEGORY_`, `TENANT_ID_`) VALUES ('1e9ecbb9-d914-11ed-911b-581122a46875', 'complete_leave:1:c95b677a-d913-11ed-a2c4-581122a46875', 'sid-BDF6586D-510A-4AFE-B837-1900C529DD74', '1e9c0c92-d914-11ed-911b-581122a46875', '1e9c5ab5-d914-11ed-911b-581122a46875', '', NULL, NULL, NULL, 'Jesse', '2023-04-12 17:26:35.465', NULL, '2023-04-12 17:30:06.388', 210923, NULL, 50, NULL, NULL, NULL, '');
INSERT INTO `ACT_HI_TASKINST` (`ID_`, `PROC_DEF_ID_`, `TASK_DEF_KEY_`, `PROC_INST_ID_`, `EXECUTION_ID_`, `NAME_`, `PARENT_TASK_ID_`, `DESCRIPTION_`, `OWNER_`, `ASSIGNEE_`, `START_TIME_`, `CLAIM_TIME_`, `END_TIME_`, `DURATION_`, `DELETE_REASON_`, `PRIORITY_`, `DUE_DATE_`, `FORM_KEY_`, `CATEGORY_`, `TENANT_ID_`) VALUES ('25595405-e99a-11ed-8f4c-581122a46875', 'leave:2:177aa5f9-e8bd-11ed-8e80-581122a46875', 'sid-9B6BA03D-E279-4C2F-81DE-A806A6E53686', 'df93deed-e8c3-11ed-91dc-581122a46875', 'df94a240-e8c3-11ed-91dc-581122a46875', '', NULL, NULL, NULL, 'lrsjl', '2023-05-03 18:06:17.920', NULL, '2023-05-03 18:10:59.131', 281211, NULL, 50, NULL, NULL, NULL, '');
INSERT INTO `ACT_HI_TASKINST` (`ID_`, `PROC_DEF_ID_`, `TASK_DEF_KEY_`, `PROC_INST_ID_`, `EXECUTION_ID_`, `NAME_`, `PARENT_TASK_ID_`, `DESCRIPTION_`, `OWNER_`, `ASSIGNEE_`, `START_TIME_`, `CLAIM_TIME_`, `END_TIME_`, `DURATION_`, `DELETE_REASON_`, `PRIORITY_`, `DUE_DATE_`, `FORM_KEY_`, `CATEGORY_`, `TENANT_ID_`) VALUES ('37158888-ebd6-11ed-b3cb-581122a46875', 'leave:2:177aa5f9-e8bd-11ed-8e80-581122a46875', 'sid-DE23161F-A106-4C83-93CF-18261B862664', '37158882-ebd6-11ed-b3cb-581122a46875', '37158885-ebd6-11ed-b3cb-581122a46875', '', NULL, NULL, NULL, 'wjl', '2023-05-06 14:21:19.805', NULL, '2023-05-06 14:23:50.381', 150576, NULL, 50, NULL, NULL, NULL, '');
INSERT INTO `ACT_HI_TASKINST` (`ID_`, `PROC_DEF_ID_`, `TASK_DEF_KEY_`, `PROC_INST_ID_`, `EXECUTION_ID_`, `NAME_`, `PARENT_TASK_ID_`, `DESCRIPTION_`, `OWNER_`, `ASSIGNEE_`, `START_TIME_`, `CLAIM_TIME_`, `END_TIME_`, `DURATION_`, `DELETE_REASON_`, `PRIORITY_`, `DUE_DATE_`, `FORM_KEY_`, `CATEGORY_`, `TENANT_ID_`) VALUES ('90d610be-ebd6-11ed-b3cb-581122a46875', 'leave:2:177aa5f9-e8bd-11ed-8e80-581122a46875', 'sid-9B6BA03D-E279-4C2F-81DE-A806A6E53686', '37158882-ebd6-11ed-b3cb-581122a46875', '37158885-ebd6-11ed-b3cb-581122a46875', '', NULL, NULL, NULL, 'lrsjl', '2023-05-06 14:23:50.383', NULL, '2023-05-06 14:38:02.852', 852469, NULL, 50, NULL, NULL, NULL, '');
INSERT INTO `ACT_HI_TASKINST` (`ID_`, `PROC_DEF_ID_`, `TASK_DEF_KEY_`, `PROC_INST_ID_`, `EXECUTION_ID_`, `NAME_`, `PARENT_TASK_ID_`, `DESCRIPTION_`, `OWNER_`, `ASSIGNEE_`, `START_TIME_`, `CLAIM_TIME_`, `END_TIME_`, `DURATION_`, `DELETE_REASON_`, `PRIORITY_`, `DUE_DATE_`, `FORM_KEY_`, `CATEGORY_`, `TENANT_ID_`) VALUES ('9c5a4bfb-d914-11ed-823f-581122a46875', 'complete_leave:1:c95b677a-d913-11ed-a2c4-581122a46875', 'sid-6C8E0D52-5285-4518-8212-0A9AEA5465E6', '1e9c0c92-d914-11ed-911b-581122a46875', '1e9c5ab5-d914-11ed-911b-581122a46875', '', NULL, NULL, NULL, 'Walter', '2023-04-12 17:30:06.409', NULL, NULL, NULL, NULL, 50, NULL, NULL, NULL, '');
INSERT INTO `ACT_HI_TASKINST` (`ID_`, `PROC_DEF_ID_`, `TASK_DEF_KEY_`, `PROC_INST_ID_`, `EXECUTION_ID_`, `NAME_`, `PARENT_TASK_ID_`, `DESCRIPTION_`, `OWNER_`, `ASSIGNEE_`, `START_TIME_`, `CLAIM_TIME_`, `END_TIME_`, `DURATION_`, `DELETE_REASON_`, `PRIORITY_`, `DUE_DATE_`, `FORM_KEY_`, `CATEGORY_`, `TENANT_ID_`) VALUES ('b78ebf56-ebca-11ed-b3cb-581122a46875', 'leave:2:177aa5f9-e8bd-11ed-8e80-581122a46875', 'sid-DE23161F-A106-4C83-93CF-18261B862664', 'b78c4e50-ebca-11ed-b3cb-581122a46875', 'b78cea93-ebca-11ed-b3cb-581122a46875', '', NULL, NULL, NULL, 'wjl', '2023-05-06 12:59:01.386', NULL, '2023-05-06 13:50:47.811', 3106425, NULL, 50, NULL, NULL, NULL, '');
INSERT INTO `ACT_HI_TASKINST` (`ID_`, `PROC_DEF_ID_`, `TASK_DEF_KEY_`, `PROC_INST_ID_`, `EXECUTION_ID_`, `NAME_`, `PARENT_TASK_ID_`, `DESCRIPTION_`, `OWNER_`, `ASSIGNEE_`, `START_TIME_`, `CLAIM_TIME_`, `END_TIME_`, `DURATION_`, `DELETE_REASON_`, `PRIORITY_`, `DUE_DATE_`, `FORM_KEY_`, `CATEGORY_`, `TENANT_ID_`) VALUES ('df969e13-e8c3-11ed-91dc-581122a46875', 'leave:2:177aa5f9-e8bd-11ed-8e80-581122a46875', 'sid-DE23161F-A106-4C83-93CF-18261B862664', 'df93deed-e8c3-11ed-91dc-581122a46875', 'df94a240-e8c3-11ed-91dc-581122a46875', '', NULL, NULL, NULL, 'wjl', '2023-05-02 16:32:28.581', NULL, '2023-05-03 18:06:17.905', 92029324, NULL, 50, NULL, NULL, NULL, '');
INSERT INTO `ACT_HI_TASKINST` (`ID_`, `PROC_DEF_ID_`, `TASK_DEF_KEY_`, `PROC_INST_ID_`, `EXECUTION_ID_`, `NAME_`, `PARENT_TASK_ID_`, `DESCRIPTION_`, `OWNER_`, `ASSIGNEE_`, `START_TIME_`, `CLAIM_TIME_`, `END_TIME_`, `DURATION_`, `DELETE_REASON_`, `PRIORITY_`, `DUE_DATE_`, `FORM_KEY_`, `CATEGORY_`, `TENANT_ID_`) VALUES ('f3220b1c-ebd1-11ed-b3cb-581122a46875', 'leave:2:177aa5f9-e8bd-11ed-8e80-581122a46875', 'sid-9B6BA03D-E279-4C2F-81DE-A806A6E53686', 'b78c4e50-ebca-11ed-b3cb-581122a46875', 'b78cea93-ebca-11ed-b3cb-581122a46875', '', NULL, NULL, NULL, 'lrsjl', '2023-05-06 13:50:47.814', NULL, '2023-05-06 13:54:09.106', 201292, NULL, 50, NULL, NULL, NULL, '');
COMMIT;

-- ----------------------------
-- Table structure for ACT_HI_VARINST
-- ----------------------------
DROP TABLE IF EXISTS `ACT_HI_VARINST`;
CREATE TABLE `ACT_HI_VARINST` (
  `ID_` varchar(64) COLLATE utf8mb3_bin NOT NULL,
  `PROC_INST_ID_` varchar(64) COLLATE utf8mb3_bin DEFAULT NULL,
  `EXECUTION_ID_` varchar(64) COLLATE utf8mb3_bin DEFAULT NULL,
  `TASK_ID_` varchar(64) COLLATE utf8mb3_bin DEFAULT NULL,
  `NAME_` varchar(255) COLLATE utf8mb3_bin NOT NULL,
  `VAR_TYPE_` varchar(100) COLLATE utf8mb3_bin DEFAULT NULL,
  `REV_` int DEFAULT NULL,
  `BYTEARRAY_ID_` varchar(64) COLLATE utf8mb3_bin DEFAULT NULL,
  `DOUBLE_` double DEFAULT NULL,
  `LONG_` bigint DEFAULT NULL,
  `TEXT_` varchar(4000) COLLATE utf8mb3_bin DEFAULT NULL,
  `TEXT2_` varchar(4000) COLLATE utf8mb3_bin DEFAULT NULL,
  `CREATE_TIME_` datetime(3) DEFAULT NULL,
  `LAST_UPDATED_TIME_` datetime(3) DEFAULT NULL,
  PRIMARY KEY (`ID_`),
  KEY `ACT_IDX_HI_PROCVAR_PROC_INST` (`PROC_INST_ID_`),
  KEY `ACT_IDX_HI_PROCVAR_NAME_TYPE` (`NAME_`,`VAR_TYPE_`),
  KEY `ACT_IDX_HI_PROCVAR_TASK_ID` (`TASK_ID_`)
) ENGINE=InnoDB DEFAULT CHARSET=utf8mb3 COLLATE=utf8mb3_bin;

-- ----------------------------
-- Records of ACT_HI_VARINST
-- ----------------------------
BEGIN;
INSERT INTO `ACT_HI_VARINST` (`ID_`, `PROC_INST_ID_`, `EXECUTION_ID_`, `TASK_ID_`, `NAME_`, `VAR_TYPE_`, `REV_`, `BYTEARRAY_ID_`, `DOUBLE_`, `LONG_`, `TEXT_`, `TEXT2_`, `CREATE_TIME_`, `LAST_UPDATED_TIME_`) VALUES ('1e9c33a3-d914-11ed-911b-581122a46875', '1e9c0c92-d914-11ed-911b-581122a46875', '1e9c0c92-d914-11ed-911b-581122a46875', NULL, 'day', 'integer', 1, NULL, NULL, 2, '2', NULL, '2023-04-12 17:26:35.448', '2023-04-12 17:30:06.394');
INSERT INTO `ACT_HI_VARINST` (`ID_`, `PROC_INST_ID_`, `EXECUTION_ID_`, `TASK_ID_`, `NAME_`, `VAR_TYPE_`, `REV_`, `BYTEARRAY_ID_`, `DOUBLE_`, `LONG_`, `TEXT_`, `TEXT2_`, `CREATE_TIME_`, `LAST_UPDATED_TIME_`) VALUES ('1e9f40ea-d914-11ed-911b-581122a46875', '1e9c0c92-d914-11ed-911b-581122a46875', '1e9c5ab5-d914-11ed-911b-581122a46875', '1e9ecbb9-d914-11ed-911b-581122a46875', 'day', 'integer', 0, NULL, NULL, 2, '2', NULL, '2023-04-12 17:26:35.468', '2023-04-12 17:26:35.468');
INSERT INTO `ACT_HI_VARINST` (`ID_`, `PROC_INST_ID_`, `EXECUTION_ID_`, `TASK_ID_`, `NAME_`, `VAR_TYPE_`, `REV_`, `BYTEARRAY_ID_`, `DOUBLE_`, `LONG_`, `TEXT_`, `TEXT2_`, `CREATE_TIME_`, `LAST_UPDATED_TIME_`) VALUES ('2559a226-e99a-11ed-8f4c-581122a46875', 'df93deed-e8c3-11ed-91dc-581122a46875', 'df94a240-e8c3-11ed-91dc-581122a46875', '25595405-e99a-11ed-8f4c-581122a46875', 'data', 'json', 0, NULL, NULL, NULL, '{\"reason\":\"\",\"time\":[\"2023-05-02 00:00:00\",\"2023-05-12 00:00:00\"]}', 'java.util.LinkedHashMap', '2023-05-03 18:06:17.922', '2023-05-03 18:06:17.922');
INSERT INTO `ACT_HI_VARINST` (`ID_`, `PROC_INST_ID_`, `EXECUTION_ID_`, `TASK_ID_`, `NAME_`, `VAR_TYPE_`, `REV_`, `BYTEARRAY_ID_`, `DOUBLE_`, `LONG_`, `TEXT_`, `TEXT2_`, `CREATE_TIME_`, `LAST_UPDATED_TIME_`) VALUES ('37158883-ebd6-11ed-b3cb-581122a46875', '37158882-ebd6-11ed-b3cb-581122a46875', '37158882-ebd6-11ed-b3cb-581122a46875', NULL, 'data', 'json', 2, NULL, NULL, NULL, '{\"reason\":\"\",\"time\":[\"2023-05-06 00:00:00\",\"2023-05-19 00:00:00\"]}', 'java.util.LinkedHashMap', '2023-05-06 14:21:19.804', '2023-05-06 14:38:02.854');
INSERT INTO `ACT_HI_VARINST` (`ID_`, `PROC_INST_ID_`, `EXECUTION_ID_`, `TASK_ID_`, `NAME_`, `VAR_TYPE_`, `REV_`, `BYTEARRAY_ID_`, `DOUBLE_`, `LONG_`, `TEXT_`, `TEXT2_`, `CREATE_TIME_`, `LAST_UPDATED_TIME_`) VALUES ('3715af99-ebd6-11ed-b3cb-581122a46875', '37158882-ebd6-11ed-b3cb-581122a46875', '37158885-ebd6-11ed-b3cb-581122a46875', '37158888-ebd6-11ed-b3cb-581122a46875', 'data', 'json', 0, NULL, NULL, NULL, '{\"reason\":\"\",\"time\":[\"2023-05-06 00:00:00\",\"2023-05-19 00:00:00\"]}', 'java.util.LinkedHashMap', '2023-05-06 14:21:19.805', '2023-05-06 14:21:19.805');
INSERT INTO `ACT_HI_VARINST` (`ID_`, `PROC_INST_ID_`, `EXECUTION_ID_`, `TASK_ID_`, `NAME_`, `VAR_TYPE_`, `REV_`, `BYTEARRAY_ID_`, `DOUBLE_`, `LONG_`, `TEXT_`, `TEXT2_`, `CREATE_TIME_`, `LAST_UPDATED_TIME_`) VALUES ('90d637cf-ebd6-11ed-b3cb-581122a46875', '37158882-ebd6-11ed-b3cb-581122a46875', '37158885-ebd6-11ed-b3cb-581122a46875', '90d610be-ebd6-11ed-b3cb-581122a46875', 'data', 'json', 0, NULL, NULL, NULL, '{\"reason\":\"\",\"time\":[\"2023-05-06 00:00:00\",\"2023-05-19 00:00:00\"]}', 'java.util.LinkedHashMap', '2023-05-06 14:23:50.384', '2023-05-06 14:23:50.384');
INSERT INTO `ACT_HI_VARINST` (`ID_`, `PROC_INST_ID_`, `EXECUTION_ID_`, `TASK_ID_`, `NAME_`, `VAR_TYPE_`, `REV_`, `BYTEARRAY_ID_`, `DOUBLE_`, `LONG_`, `TEXT_`, `TEXT2_`, `CREATE_TIME_`, `LAST_UPDATED_TIME_`) VALUES ('9c5a730c-d914-11ed-823f-581122a46875', '1e9c0c92-d914-11ed-911b-581122a46875', '1e9c5ab5-d914-11ed-911b-581122a46875', '9c5a4bfb-d914-11ed-823f-581122a46875', 'day', 'integer', 0, NULL, NULL, 2, '2', NULL, '2023-04-12 17:30:06.411', '2023-04-12 17:30:06.411');
INSERT INTO `ACT_HI_VARINST` (`ID_`, `PROC_INST_ID_`, `EXECUTION_ID_`, `TASK_ID_`, `NAME_`, `VAR_TYPE_`, `REV_`, `BYTEARRAY_ID_`, `DOUBLE_`, `LONG_`, `TEXT_`, `TEXT2_`, `CREATE_TIME_`, `LAST_UPDATED_TIME_`) VALUES ('b78cc381-ebca-11ed-b3cb-581122a46875', 'b78c4e50-ebca-11ed-b3cb-581122a46875', 'b78c4e50-ebca-11ed-b3cb-581122a46875', NULL, 'data', 'json', 2, NULL, NULL, NULL, '{\"reason\":\"\",\"time\":[\"2023-05-06 00:00:00\",\"2023-05-13 00:00:00\"]}', 'java.util.LinkedHashMap', '2023-05-06 12:59:01.373', '2023-05-06 13:54:09.108');
INSERT INTO `ACT_HI_VARINST` (`ID_`, `PROC_INST_ID_`, `EXECUTION_ID_`, `TASK_ID_`, `NAME_`, `VAR_TYPE_`, `REV_`, `BYTEARRAY_ID_`, `DOUBLE_`, `LONG_`, `TEXT_`, `TEXT2_`, `CREATE_TIME_`, `LAST_UPDATED_TIME_`) VALUES ('b78f82a7-ebca-11ed-b3cb-581122a46875', 'b78c4e50-ebca-11ed-b3cb-581122a46875', 'b78cea93-ebca-11ed-b3cb-581122a46875', 'b78ebf56-ebca-11ed-b3cb-581122a46875', 'data', 'json', 0, NULL, NULL, NULL, '{\"reason\":\"\",\"time\":[\"2023-05-06 00:00:00\",\"2023-05-13 00:00:00\"]}', 'java.util.LinkedHashMap', '2023-05-06 12:59:01.391', '2023-05-06 12:59:01.391');
INSERT INTO `ACT_HI_VARINST` (`ID_`, `PROC_INST_ID_`, `EXECUTION_ID_`, `TASK_ID_`, `NAME_`, `VAR_TYPE_`, `REV_`, `BYTEARRAY_ID_`, `DOUBLE_`, `LONG_`, `TEXT_`, `TEXT2_`, `CREATE_TIME_`, `LAST_UPDATED_TIME_`) VALUES ('df947b2e-e8c3-11ed-91dc-581122a46875', 'df93deed-e8c3-11ed-91dc-581122a46875', 'df93deed-e8c3-11ed-91dc-581122a46875', NULL, 'data', 'json', 2, NULL, NULL, NULL, '{\"reason\":\"\",\"time\":[\"2023-05-02 00:00:00\",\"2023-05-12 00:00:00\"]}', 'java.util.LinkedHashMap', '2023-05-02 16:32:28.567', '2023-05-03 18:10:59.133');
INSERT INTO `ACT_HI_VARINST` (`ID_`, `PROC_INST_ID_`, `EXECUTION_ID_`, `TASK_ID_`, `NAME_`, `VAR_TYPE_`, `REV_`, `BYTEARRAY_ID_`, `DOUBLE_`, `LONG_`, `TEXT_`, `TEXT2_`, `CREATE_TIME_`, `LAST_UPDATED_TIME_`) VALUES ('df976164-e8c3-11ed-91dc-581122a46875', 'df93deed-e8c3-11ed-91dc-581122a46875', 'df94a240-e8c3-11ed-91dc-581122a46875', 'df969e13-e8c3-11ed-91dc-581122a46875', 'data', 'json', 0, NULL, NULL, NULL, '{\"reason\":\"\",\"time\":[\"2023-05-02 00:00:00\",\"2023-05-12 00:00:00\"]}', 'java.util.LinkedHashMap', '2023-05-02 16:32:28.586', '2023-05-02 16:32:28.586');
INSERT INTO `ACT_HI_VARINST` (`ID_`, `PROC_INST_ID_`, `EXECUTION_ID_`, `TASK_ID_`, `NAME_`, `VAR_TYPE_`, `REV_`, `BYTEARRAY_ID_`, `DOUBLE_`, `LONG_`, `TEXT_`, `TEXT2_`, `CREATE_TIME_`, `LAST_UPDATED_TIME_`) VALUES ('f322322d-ebd1-11ed-b3cb-581122a46875', 'b78c4e50-ebca-11ed-b3cb-581122a46875', 'b78cea93-ebca-11ed-b3cb-581122a46875', 'f3220b1c-ebd1-11ed-b3cb-581122a46875', 'data', 'json', 0, NULL, NULL, NULL, '{\"reason\":\"\",\"time\":[\"2023-05-06 00:00:00\",\"2023-05-13 00:00:00\"]}', 'java.util.LinkedHashMap', '2023-05-06 13:50:47.815', '2023-05-06 13:50:47.815');
COMMIT;

-- ----------------------------
-- Table structure for ACT_PROCDEF_INFO
-- ----------------------------
DROP TABLE IF EXISTS `ACT_PROCDEF_INFO`;
CREATE TABLE `ACT_PROCDEF_INFO` (
  `ID_` varchar(64) COLLATE utf8mb3_bin NOT NULL,
  `PROC_DEF_ID_` varchar(64) COLLATE utf8mb3_bin NOT NULL,
  `REV_` int DEFAULT NULL,
  `INFO_JSON_ID_` varchar(64) COLLATE utf8mb3_bin DEFAULT NULL,
  PRIMARY KEY (`ID_`),
  UNIQUE KEY `ACT_UNIQ_INFO_PROCDEF` (`PROC_DEF_ID_`),
  KEY `ACT_IDX_INFO_PROCDEF` (`PROC_DEF_ID_`),
  KEY `ACT_FK_INFO_JSON_BA` (`INFO_JSON_ID_`),
  CONSTRAINT `ACT_FK_INFO_JSON_BA` FOREIGN KEY (`INFO_JSON_ID_`) REFERENCES `ACT_GE_BYTEARRAY` (`ID_`),
  CONSTRAINT `ACT_FK_INFO_PROCDEF` FOREIGN KEY (`PROC_DEF_ID_`) REFERENCES `ACT_RE_PROCDEF` (`ID_`)
) ENGINE=InnoDB DEFAULT CHARSET=utf8mb3 COLLATE=utf8mb3_bin;

-- ----------------------------
-- Records of ACT_PROCDEF_INFO
-- ----------------------------
BEGIN;
COMMIT;

-- ----------------------------
-- Table structure for ACT_RE_DEPLOYMENT
-- ----------------------------
DROP TABLE IF EXISTS `ACT_RE_DEPLOYMENT`;
CREATE TABLE `ACT_RE_DEPLOYMENT` (
  `ID_` varchar(64) COLLATE utf8mb3_bin NOT NULL,
  `NAME_` varchar(255) COLLATE utf8mb3_bin DEFAULT NULL,
  `CATEGORY_` varchar(255) COLLATE utf8mb3_bin DEFAULT NULL,
  `KEY_` varchar(255) COLLATE utf8mb3_bin DEFAULT NULL,
  `TENANT_ID_` varchar(255) COLLATE utf8mb3_bin DEFAULT '',
  `DEPLOY_TIME_` timestamp(3) NULL DEFAULT NULL,
  `ENGINE_VERSION_` varchar(255) COLLATE utf8mb3_bin DEFAULT NULL,
  `VERSION_` int DEFAULT '1',
  `PROJECT_RELEASE_VERSION_` varchar(255) COLLATE utf8mb3_bin DEFAULT NULL,
  PRIMARY KEY (`ID_`)
) ENGINE=InnoDB DEFAULT CHARSET=utf8mb3 COLLATE=utf8mb3_bin;

-- ----------------------------
-- Records of ACT_RE_DEPLOYMENT
-- ----------------------------
BEGIN;
INSERT INTO `ACT_RE_DEPLOYMENT` (`ID_`, `NAME_`, `CATEGORY_`, `KEY_`, `TENANT_ID_`, `DEPLOY_TIME_`, `ENGINE_VERSION_`, `VERSION_`, `PROJECT_RELEASE_VERSION_`) VALUES ('062fa3bb-d936-11ed-8a7b-581122a46875', 'SpringAutoDeployment', NULL, NULL, '', '2023-04-12 21:29:17.357', NULL, 11, NULL);
INSERT INTO `ACT_RE_DEPLOYMENT` (`ID_`, `NAME_`, `CATEGORY_`, `KEY_`, `TENANT_ID_`, `DEPLOY_TIME_`, `ENGINE_VERSION_`, `VERSION_`, `PROJECT_RELEASE_VERSION_`) VALUES ('098ca2f4-d931-11ed-b6cc-581122a46875', 'SpringAutoDeployment', NULL, NULL, '', '2023-04-12 20:53:35.516', NULL, 10, NULL);
INSERT INTO `ACT_RE_DEPLOYMENT` (`ID_`, `NAME_`, `CATEGORY_`, `KEY_`, `TENANT_ID_`, `DEPLOY_TIME_`, `ENGINE_VERSION_`, `VERSION_`, `PROJECT_RELEASE_VERSION_`) VALUES ('0b911791-d81e-11ed-9375-581122a46875', 'SpringAutoDeployment', NULL, NULL, '', '2023-04-11 12:05:07.302', NULL, 2, NULL);
INSERT INTO `ACT_RE_DEPLOYMENT` (`ID_`, `NAME_`, `CATEGORY_`, `KEY_`, `TENANT_ID_`, `DEPLOY_TIME_`, `ENGINE_VERSION_`, `VERSION_`, `PROJECT_RELEASE_VERSION_`) VALUES ('1778f847-e8bd-11ed-8e80-581122a46875', NULL, NULL, NULL, '', '2023-05-02 15:43:55.862', NULL, 1, NULL);
INSERT INTO `ACT_RE_DEPLOYMENT` (`ID_`, `NAME_`, `CATEGORY_`, `KEY_`, `TENANT_ID_`, `DEPLOY_TIME_`, `ENGINE_VERSION_`, `VERSION_`, `PROJECT_RELEASE_VERSION_`) VALUES ('1d9e2491-d914-11ed-911b-581122a46875', 'SpringAutoDeployment', NULL, NULL, '', '2023-04-12 17:26:33.780', NULL, 4, NULL);
INSERT INTO `ACT_RE_DEPLOYMENT` (`ID_`, `NAME_`, `CATEGORY_`, `KEY_`, `TENANT_ID_`, `DEPLOY_TIME_`, `ENGINE_VERSION_`, `VERSION_`, `PROJECT_RELEASE_VERSION_`) VALUES ('3f5df9bc-d914-11ed-94f0-581122a46875', 'SpringAutoDeployment', NULL, NULL, '', '2023-04-12 17:27:30.402', NULL, 5, NULL);
INSERT INTO `ACT_RE_DEPLOYMENT` (`ID_`, `NAME_`, `CATEGORY_`, `KEY_`, `TENANT_ID_`, `DEPLOY_TIME_`, `ENGINE_VERSION_`, `VERSION_`, `PROJECT_RELEASE_VERSION_`) VALUES ('72c5ccac-d81d-11ed-8a96-581122a46875', 'SpringAutoDeployment', NULL, NULL, '', '2023-04-11 12:00:50.955', NULL, 1, NULL);
INSERT INTO `ACT_RE_DEPLOYMENT` (`ID_`, `NAME_`, `CATEGORY_`, `KEY_`, `TENANT_ID_`, `DEPLOY_TIME_`, `ENGINE_VERSION_`, `VERSION_`, `PROJECT_RELEASE_VERSION_`) VALUES ('7f1a73b7-d9d3-11ed-801d-581122a46875', 'SpringAutoDeployment', NULL, NULL, '', '2023-04-13 16:16:31.209', NULL, 12, NULL);
INSERT INTO `ACT_RE_DEPLOYMENT` (`ID_`, `NAME_`, `CATEGORY_`, `KEY_`, `TENANT_ID_`, `DEPLOY_TIME_`, `ENGINE_VERSION_`, `VERSION_`, `PROJECT_RELEASE_VERSION_`) VALUES ('99585177-d926-11ed-a6b4-581122a46875', 'SpringAutoDeployment', NULL, NULL, '', '2023-04-12 19:38:52.302', NULL, 7, NULL);
INSERT INTO `ACT_RE_DEPLOYMENT` (`ID_`, `NAME_`, `CATEGORY_`, `KEY_`, `TENANT_ID_`, `DEPLOY_TIME_`, `ENGINE_VERSION_`, `VERSION_`, `PROJECT_RELEASE_VERSION_`) VALUES ('9b82fec8-d914-11ed-823f-581122a46875', 'SpringAutoDeployment', NULL, NULL, '', '2023-04-12 17:30:04.995', NULL, 6, NULL);
INSERT INTO `ACT_RE_DEPLOYMENT` (`ID_`, `NAME_`, `CATEGORY_`, `KEY_`, `TENANT_ID_`, `DEPLOY_TIME_`, `ENGINE_VERSION_`, `VERSION_`, `PROJECT_RELEASE_VERSION_`) VALUES ('9c15ee63-d92a-11ed-811c-581122a46875', 'SpringAutoDeployment', NULL, NULL, '', '2023-04-12 20:07:34.886', NULL, 9, NULL);
INSERT INTO `ACT_RE_DEPLOYMENT` (`ID_`, `NAME_`, `CATEGORY_`, `KEY_`, `TENANT_ID_`, `DEPLOY_TIME_`, `ENGINE_VERSION_`, `VERSION_`, `PROJECT_RELEASE_VERSION_`) VALUES ('9f68f34f-d9d5-11ed-8676-581122a46875', 'SpringAutoDeployment', NULL, NULL, '', '2023-04-13 16:31:44.404', NULL, 13, NULL);
INSERT INTO `ACT_RE_DEPLOYMENT` (`ID_`, `NAME_`, `CATEGORY_`, `KEY_`, `TENANT_ID_`, `DEPLOY_TIME_`, `ENGINE_VERSION_`, `VERSION_`, `PROJECT_RELEASE_VERSION_`) VALUES ('b81e98f8-e8b9-11ed-a367-581122a46875', 'SpringAutoDeployment', NULL, NULL, '', '2023-05-02 15:19:47.391', NULL, 15, NULL);
INSERT INTO `ACT_RE_DEPLOYMENT` (`ID_`, `NAME_`, `CATEGORY_`, `KEY_`, `TENANT_ID_`, `DEPLOY_TIME_`, `ENGINE_VERSION_`, `VERSION_`, `PROJECT_RELEASE_VERSION_`) VALUES ('c8643637-d913-11ed-a2c4-581122a46875', 'SpringAutoDeployment', NULL, NULL, '', '2023-04-12 17:24:10.794', NULL, 3, NULL);
INSERT INTO `ACT_RE_DEPLOYMENT` (`ID_`, `NAME_`, `CATEGORY_`, `KEY_`, `TENANT_ID_`, `DEPLOY_TIME_`, `ENGINE_VERSION_`, `VERSION_`, `PROJECT_RELEASE_VERSION_`) VALUES ('c94e6f28-d913-11ed-a2c4-581122a46875', '', NULL, NULL, '', '2023-04-12 17:24:12.332', NULL, 1, NULL);
INSERT INTO `ACT_RE_DEPLOYMENT` (`ID_`, `NAME_`, `CATEGORY_`, `KEY_`, `TENANT_ID_`, `DEPLOY_TIME_`, `ENGINE_VERSION_`, `VERSION_`, `PROJECT_RELEASE_VERSION_`) VALUES ('cf264621-d926-11ed-802b-581122a46875', 'SpringAutoDeployment', NULL, NULL, '', '2023-04-12 19:40:22.570', NULL, 8, NULL);
INSERT INTO `ACT_RE_DEPLOYMENT` (`ID_`, `NAME_`, `CATEGORY_`, `KEY_`, `TENANT_ID_`, `DEPLOY_TIME_`, `ENGINE_VERSION_`, `VERSION_`, `PROJECT_RELEASE_VERSION_`) VALUES ('f8919459-ddb6-11ed-b5ea-581122a46875', 'SpringAutoDeployment', NULL, NULL, '', '2023-04-18 15:02:24.232', NULL, 14, NULL);
COMMIT;

-- ----------------------------
-- Table structure for ACT_RE_MODEL
-- ----------------------------
DROP TABLE IF EXISTS `ACT_RE_MODEL`;
CREATE TABLE `ACT_RE_MODEL` (
  `ID_` varchar(64) COLLATE utf8mb3_bin NOT NULL,
  `REV_` int DEFAULT NULL,
  `NAME_` varchar(255) COLLATE utf8mb3_bin DEFAULT NULL,
  `KEY_` varchar(255) COLLATE utf8mb3_bin DEFAULT NULL,
  `CATEGORY_` varchar(255) COLLATE utf8mb3_bin DEFAULT NULL,
  `CREATE_TIME_` timestamp(3) NULL DEFAULT NULL,
  `LAST_UPDATE_TIME_` timestamp(3) NULL DEFAULT NULL,
  `VERSION_` int DEFAULT NULL,
  `META_INFO_` varchar(4000) COLLATE utf8mb3_bin DEFAULT NULL,
  `DEPLOYMENT_ID_` varchar(64) COLLATE utf8mb3_bin DEFAULT NULL,
  `EDITOR_SOURCE_VALUE_ID_` varchar(64) COLLATE utf8mb3_bin DEFAULT NULL,
  `EDITOR_SOURCE_EXTRA_VALUE_ID_` varchar(64) COLLATE utf8mb3_bin DEFAULT NULL,
  `TENANT_ID_` varchar(255) COLLATE utf8mb3_bin DEFAULT '',
  PRIMARY KEY (`ID_`),
  KEY `ACT_FK_MODEL_SOURCE` (`EDITOR_SOURCE_VALUE_ID_`),
  KEY `ACT_FK_MODEL_SOURCE_EXTRA` (`EDITOR_SOURCE_EXTRA_VALUE_ID_`),
  KEY `ACT_FK_MODEL_DEPLOYMENT` (`DEPLOYMENT_ID_`),
  CONSTRAINT `ACT_FK_MODEL_DEPLOYMENT` FOREIGN KEY (`DEPLOYMENT_ID_`) REFERENCES `ACT_RE_DEPLOYMENT` (`ID_`),
  CONSTRAINT `ACT_FK_MODEL_SOURCE` FOREIGN KEY (`EDITOR_SOURCE_VALUE_ID_`) REFERENCES `ACT_GE_BYTEARRAY` (`ID_`),
  CONSTRAINT `ACT_FK_MODEL_SOURCE_EXTRA` FOREIGN KEY (`EDITOR_SOURCE_EXTRA_VALUE_ID_`) REFERENCES `ACT_GE_BYTEARRAY` (`ID_`)
) ENGINE=InnoDB DEFAULT CHARSET=utf8mb3 COLLATE=utf8mb3_bin;

-- ----------------------------
-- Records of ACT_RE_MODEL
-- ----------------------------
BEGIN;
COMMIT;

-- ----------------------------
-- Table structure for ACT_RE_PROCDEF
-- ----------------------------
DROP TABLE IF EXISTS `ACT_RE_PROCDEF`;
CREATE TABLE `ACT_RE_PROCDEF` (
  `ID_` varchar(64) COLLATE utf8mb3_bin NOT NULL,
  `REV_` int DEFAULT NULL,
  `CATEGORY_` varchar(255) COLLATE utf8mb3_bin DEFAULT NULL,
  `NAME_` varchar(255) COLLATE utf8mb3_bin DEFAULT NULL,
  `KEY_` varchar(255) COLLATE utf8mb3_bin NOT NULL,
  `VERSION_` int NOT NULL,
  `DEPLOYMENT_ID_` varchar(64) COLLATE utf8mb3_bin DEFAULT NULL,
  `RESOURCE_NAME_` varchar(4000) COLLATE utf8mb3_bin DEFAULT NULL,
  `DGRM_RESOURCE_NAME_` varchar(4000) COLLATE utf8mb3_bin DEFAULT NULL,
  `DESCRIPTION_` varchar(4000) COLLATE utf8mb3_bin DEFAULT NULL,
  `HAS_START_FORM_KEY_` tinyint DEFAULT NULL,
  `HAS_GRAPHICAL_NOTATION_` tinyint DEFAULT NULL,
  `SUSPENSION_STATE_` int DEFAULT NULL,
  `TENANT_ID_` varchar(255) COLLATE utf8mb3_bin DEFAULT '',
  `ENGINE_VERSION_` varchar(255) COLLATE utf8mb3_bin DEFAULT NULL,
  `APP_VERSION_` int DEFAULT NULL,
  PRIMARY KEY (`ID_`),
  UNIQUE KEY `ACT_UNIQ_PROCDEF` (`KEY_`,`VERSION_`,`TENANT_ID_`)
) ENGINE=InnoDB DEFAULT CHARSET=utf8mb3 COLLATE=utf8mb3_bin;

-- ----------------------------
-- Records of ACT_RE_PROCDEF
-- ----------------------------
BEGIN;
INSERT INTO `ACT_RE_PROCDEF` (`ID_`, `REV_`, `CATEGORY_`, `NAME_`, `KEY_`, `VERSION_`, `DEPLOYMENT_ID_`, `RESOURCE_NAME_`, `DGRM_RESOURCE_NAME_`, `DESCRIPTION_`, `HAS_START_FORM_KEY_`, `HAS_GRAPHICAL_NOTATION_`, `SUSPENSION_STATE_`, `TENANT_ID_`, `ENGINE_VERSION_`, `APP_VERSION_`) VALUES ('complete_leave:1:c95b677a-d913-11ed-a2c4-581122a46875', 1, 'http://www.activiti.org/processdef', NULL, 'complete_leave', 1, 'c94e6f28-d913-11ed-a2c4-581122a46875', 'process/complete_leave.bpmn20.xml', NULL, NULL, 0, 1, 1, '', NULL, NULL);
INSERT INTO `ACT_RE_PROCDEF` (`ID_`, `REV_`, `CATEGORY_`, `NAME_`, `KEY_`, `VERSION_`, `DEPLOYMENT_ID_`, `RESOURCE_NAME_`, `DGRM_RESOURCE_NAME_`, `DESCRIPTION_`, `HAS_START_FORM_KEY_`, `HAS_GRAPHICAL_NOTATION_`, `SUSPENSION_STATE_`, `TENANT_ID_`, `ENGINE_VERSION_`, `APP_VERSION_`) VALUES ('complete_leave:2:f89f01db-ddb6-11ed-b5ea-581122a46875', 1, 'http://www.activiti.org/processdef', NULL, 'complete_leave', 2, 'f8919459-ddb6-11ed-b5ea-581122a46875', '/Users/swcode/Documents/IdeaProjects/guigu-oa-parent/service-oa/target/classes/processes/complete_leave.bpmn20.xml', NULL, NULL, 0, 1, 1, '', NULL, NULL);
INSERT INTO `ACT_RE_PROCDEF` (`ID_`, `REV_`, `CATEGORY_`, `NAME_`, `KEY_`, `VERSION_`, `DEPLOYMENT_ID_`, `RESOURCE_NAME_`, `DGRM_RESOURCE_NAME_`, `DESCRIPTION_`, `HAS_START_FORM_KEY_`, `HAS_GRAPHICAL_NOTATION_`, `SUSPENSION_STATE_`, `TENANT_ID_`, `ENGINE_VERSION_`, `APP_VERSION_`) VALUES ('complete_leave:3:b829e39b-e8b9-11ed-a367-581122a46875', 1, 'http://www.activiti.org/processdef', NULL, 'complete_leave', 3, 'b81e98f8-e8b9-11ed-a367-581122a46875', '/Users/swcode/Documents/IdeaProjects/guigu-oa-parent/service-oa/target/classes/processes/complete_leave.bpmn20.xml', NULL, NULL, 0, 1, 1, '', NULL, NULL);
INSERT INTO `ACT_RE_PROCDEF` (`ID_`, `REV_`, `CATEGORY_`, `NAME_`, `KEY_`, `VERSION_`, `DEPLOYMENT_ID_`, `RESOURCE_NAME_`, `DGRM_RESOURCE_NAME_`, `DESCRIPTION_`, `HAS_START_FORM_KEY_`, `HAS_GRAPHICAL_NOTATION_`, `SUSPENSION_STATE_`, `TENANT_ID_`, `ENGINE_VERSION_`, `APP_VERSION_`) VALUES ('leave:1:b82a0aac-e8b9-11ed-a367-581122a46875', 1, 'http://www.activiti.org/processdef', NULL, 'leave', 1, 'b81e98f8-e8b9-11ed-a367-581122a46875', '/Users/swcode/Documents/IdeaProjects/guigu-oa-parent/service-oa/target/classes/processes/leave.bpmn20.xml', NULL, NULL, 0, 1, 1, '', NULL, NULL);
INSERT INTO `ACT_RE_PROCDEF` (`ID_`, `REV_`, `CATEGORY_`, `NAME_`, `KEY_`, `VERSION_`, `DEPLOYMENT_ID_`, `RESOURCE_NAME_`, `DGRM_RESOURCE_NAME_`, `DESCRIPTION_`, `HAS_START_FORM_KEY_`, `HAS_GRAPHICAL_NOTATION_`, `SUSPENSION_STATE_`, `TENANT_ID_`, `ENGINE_VERSION_`, `APP_VERSION_`) VALUES ('leave:2:177aa5f9-e8bd-11ed-8e80-581122a46875', 1, 'http://www.activiti.org/processdef', NULL, 'leave', 2, '1778f847-e8bd-11ed-8e80-581122a46875', 'leave.bpmn20.xml', NULL, NULL, 0, 1, 1, '', NULL, NULL);
COMMIT;

-- ----------------------------
-- Table structure for ACT_RU_DEADLETTER_JOB
-- ----------------------------
DROP TABLE IF EXISTS `ACT_RU_DEADLETTER_JOB`;
CREATE TABLE `ACT_RU_DEADLETTER_JOB` (
  `ID_` varchar(64) COLLATE utf8mb3_bin NOT NULL,
  `REV_` int DEFAULT NULL,
  `TYPE_` varchar(255) COLLATE utf8mb3_bin NOT NULL,
  `EXCLUSIVE_` tinyint(1) DEFAULT NULL,
  `EXECUTION_ID_` varchar(64) COLLATE utf8mb3_bin DEFAULT NULL,
  `PROCESS_INSTANCE_ID_` varchar(64) COLLATE utf8mb3_bin DEFAULT NULL,
  `PROC_DEF_ID_` varchar(64) COLLATE utf8mb3_bin DEFAULT NULL,
  `EXCEPTION_STACK_ID_` varchar(64) COLLATE utf8mb3_bin DEFAULT NULL,
  `EXCEPTION_MSG_` varchar(4000) COLLATE utf8mb3_bin DEFAULT NULL,
  `DUEDATE_` timestamp(3) NULL DEFAULT NULL,
  `REPEAT_` varchar(255) COLLATE utf8mb3_bin DEFAULT NULL,
  `HANDLER_TYPE_` varchar(255) COLLATE utf8mb3_bin DEFAULT NULL,
  `HANDLER_CFG_` varchar(4000) COLLATE utf8mb3_bin DEFAULT NULL,
  `TENANT_ID_` varchar(255) COLLATE utf8mb3_bin DEFAULT '',
  PRIMARY KEY (`ID_`),
  KEY `ACT_FK_DEADLETTER_JOB_EXECUTION` (`EXECUTION_ID_`),
  KEY `ACT_FK_DEADLETTER_JOB_PROCESS_INSTANCE` (`PROCESS_INSTANCE_ID_`),
  KEY `ACT_FK_DEADLETTER_JOB_PROC_DEF` (`PROC_DEF_ID_`),
  KEY `ACT_FK_DEADLETTER_JOB_EXCEPTION` (`EXCEPTION_STACK_ID_`),
  CONSTRAINT `ACT_FK_DEADLETTER_JOB_EXCEPTION` FOREIGN KEY (`EXCEPTION_STACK_ID_`) REFERENCES `ACT_GE_BYTEARRAY` (`ID_`),
  CONSTRAINT `ACT_FK_DEADLETTER_JOB_EXECUTION` FOREIGN KEY (`EXECUTION_ID_`) REFERENCES `ACT_RU_EXECUTION` (`ID_`),
  CONSTRAINT `ACT_FK_DEADLETTER_JOB_PROC_DEF` FOREIGN KEY (`PROC_DEF_ID_`) REFERENCES `ACT_RE_PROCDEF` (`ID_`),
  CONSTRAINT `ACT_FK_DEADLETTER_JOB_PROCESS_INSTANCE` FOREIGN KEY (`PROCESS_INSTANCE_ID_`) REFERENCES `ACT_RU_EXECUTION` (`ID_`)
) ENGINE=InnoDB DEFAULT CHARSET=utf8mb3 COLLATE=utf8mb3_bin;

-- ----------------------------
-- Records of ACT_RU_DEADLETTER_JOB
-- ----------------------------
BEGIN;
COMMIT;

-- ----------------------------
-- Table structure for ACT_RU_EVENT_SUBSCR
-- ----------------------------
DROP TABLE IF EXISTS `ACT_RU_EVENT_SUBSCR`;
CREATE TABLE `ACT_RU_EVENT_SUBSCR` (
  `ID_` varchar(64) COLLATE utf8mb3_bin NOT NULL,
  `REV_` int DEFAULT NULL,
  `EVENT_TYPE_` varchar(255) COLLATE utf8mb3_bin NOT NULL,
  `EVENT_NAME_` varchar(255) COLLATE utf8mb3_bin DEFAULT NULL,
  `EXECUTION_ID_` varchar(64) COLLATE utf8mb3_bin DEFAULT NULL,
  `PROC_INST_ID_` varchar(64) COLLATE utf8mb3_bin DEFAULT NULL,
  `ACTIVITY_ID_` varchar(64) COLLATE utf8mb3_bin DEFAULT NULL,
  `CONFIGURATION_` varchar(255) COLLATE utf8mb3_bin DEFAULT NULL,
  `CREATED_` timestamp(3) NOT NULL DEFAULT CURRENT_TIMESTAMP(3),
  `PROC_DEF_ID_` varchar(64) COLLATE utf8mb3_bin DEFAULT NULL,
  `TENANT_ID_` varchar(255) COLLATE utf8mb3_bin DEFAULT '',
  PRIMARY KEY (`ID_`),
  KEY `ACT_IDX_EVENT_SUBSCR_CONFIG_` (`CONFIGURATION_`),
  KEY `ACT_FK_EVENT_EXEC` (`EXECUTION_ID_`),
  CONSTRAINT `ACT_FK_EVENT_EXEC` FOREIGN KEY (`EXECUTION_ID_`) REFERENCES `ACT_RU_EXECUTION` (`ID_`)
) ENGINE=InnoDB DEFAULT CHARSET=utf8mb3 COLLATE=utf8mb3_bin;

-- ----------------------------
-- Records of ACT_RU_EVENT_SUBSCR
-- ----------------------------
BEGIN;
COMMIT;

-- ----------------------------
-- Table structure for ACT_RU_EXECUTION
-- ----------------------------
DROP TABLE IF EXISTS `ACT_RU_EXECUTION`;
CREATE TABLE `ACT_RU_EXECUTION` (
  `ID_` varchar(64) COLLATE utf8mb3_bin NOT NULL,
  `REV_` int DEFAULT NULL,
  `PROC_INST_ID_` varchar(64) COLLATE utf8mb3_bin DEFAULT NULL,
  `BUSINESS_KEY_` varchar(255) COLLATE utf8mb3_bin DEFAULT NULL,
  `PARENT_ID_` varchar(64) COLLATE utf8mb3_bin DEFAULT NULL,
  `PROC_DEF_ID_` varchar(64) COLLATE utf8mb3_bin DEFAULT NULL,
  `SUPER_EXEC_` varchar(64) COLLATE utf8mb3_bin DEFAULT NULL,
  `ROOT_PROC_INST_ID_` varchar(64) COLLATE utf8mb3_bin DEFAULT NULL,
  `ACT_ID_` varchar(255) COLLATE utf8mb3_bin DEFAULT NULL,
  `IS_ACTIVE_` tinyint DEFAULT NULL,
  `IS_CONCURRENT_` tinyint DEFAULT NULL,
  `IS_SCOPE_` tinyint DEFAULT NULL,
  `IS_EVENT_SCOPE_` tinyint DEFAULT NULL,
  `IS_MI_ROOT_` tinyint DEFAULT NULL,
  `SUSPENSION_STATE_` int DEFAULT NULL,
  `CACHED_ENT_STATE_` int DEFAULT NULL,
  `TENANT_ID_` varchar(255) COLLATE utf8mb3_bin DEFAULT '',
  `NAME_` varchar(255) COLLATE utf8mb3_bin DEFAULT NULL,
  `START_TIME_` datetime(3) DEFAULT NULL,
  `START_USER_ID_` varchar(255) COLLATE utf8mb3_bin DEFAULT NULL,
  `LOCK_TIME_` timestamp(3) NULL DEFAULT NULL,
  `IS_COUNT_ENABLED_` tinyint DEFAULT NULL,
  `EVT_SUBSCR_COUNT_` int DEFAULT NULL,
  `TASK_COUNT_` int DEFAULT NULL,
  `JOB_COUNT_` int DEFAULT NULL,
  `TIMER_JOB_COUNT_` int DEFAULT NULL,
  `SUSP_JOB_COUNT_` int DEFAULT NULL,
  `DEADLETTER_JOB_COUNT_` int DEFAULT NULL,
  `VAR_COUNT_` int DEFAULT NULL,
  `ID_LINK_COUNT_` int DEFAULT NULL,
  `APP_VERSION_` int DEFAULT NULL,
  PRIMARY KEY (`ID_`),
  KEY `ACT_IDX_EXEC_BUSKEY` (`BUSINESS_KEY_`),
  KEY `ACT_IDC_EXEC_ROOT` (`ROOT_PROC_INST_ID_`),
  KEY `ACT_FK_EXE_PROCINST` (`PROC_INST_ID_`),
  KEY `ACT_FK_EXE_PARENT` (`PARENT_ID_`),
  KEY `ACT_FK_EXE_SUPER` (`SUPER_EXEC_`),
  KEY `ACT_FK_EXE_PROCDEF` (`PROC_DEF_ID_`),
  CONSTRAINT `ACT_FK_EXE_PARENT` FOREIGN KEY (`PARENT_ID_`) REFERENCES `ACT_RU_EXECUTION` (`ID_`) ON DELETE CASCADE,
  CONSTRAINT `ACT_FK_EXE_PROCDEF` FOREIGN KEY (`PROC_DEF_ID_`) REFERENCES `ACT_RE_PROCDEF` (`ID_`),
  CONSTRAINT `ACT_FK_EXE_PROCINST` FOREIGN KEY (`PROC_INST_ID_`) REFERENCES `ACT_RU_EXECUTION` (`ID_`) ON DELETE CASCADE ON UPDATE CASCADE,
  CONSTRAINT `ACT_FK_EXE_SUPER` FOREIGN KEY (`SUPER_EXEC_`) REFERENCES `ACT_RU_EXECUTION` (`ID_`) ON DELETE CASCADE
) ENGINE=InnoDB DEFAULT CHARSET=utf8mb3 COLLATE=utf8mb3_bin;

-- ----------------------------
-- Records of ACT_RU_EXECUTION
-- ----------------------------
BEGIN;
INSERT INTO `ACT_RU_EXECUTION` (`ID_`, `REV_`, `PROC_INST_ID_`, `BUSINESS_KEY_`, `PARENT_ID_`, `PROC_DEF_ID_`, `SUPER_EXEC_`, `ROOT_PROC_INST_ID_`, `ACT_ID_`, `IS_ACTIVE_`, `IS_CONCURRENT_`, `IS_SCOPE_`, `IS_EVENT_SCOPE_`, `IS_MI_ROOT_`, `SUSPENSION_STATE_`, `CACHED_ENT_STATE_`, `TENANT_ID_`, `NAME_`, `START_TIME_`, `START_USER_ID_`, `LOCK_TIME_`, `IS_COUNT_ENABLED_`, `EVT_SUBSCR_COUNT_`, `TASK_COUNT_`, `JOB_COUNT_`, `TIMER_JOB_COUNT_`, `SUSP_JOB_COUNT_`, `DEADLETTER_JOB_COUNT_`, `VAR_COUNT_`, `ID_LINK_COUNT_`, `APP_VERSION_`) VALUES ('1e9c0c92-d914-11ed-911b-581122a46875', 1, '1e9c0c92-d914-11ed-911b-581122a46875', NULL, NULL, 'complete_leave:1:c95b677a-d913-11ed-a2c4-581122a46875', NULL, '1e9c0c92-d914-11ed-911b-581122a46875', NULL, 1, 0, 1, 0, 0, 1, NULL, '', NULL, '2023-04-12 17:26:35.447', NULL, NULL, 0, 0, 0, 0, 0, 0, 0, 0, 0, NULL);
INSERT INTO `ACT_RU_EXECUTION` (`ID_`, `REV_`, `PROC_INST_ID_`, `BUSINESS_KEY_`, `PARENT_ID_`, `PROC_DEF_ID_`, `SUPER_EXEC_`, `ROOT_PROC_INST_ID_`, `ACT_ID_`, `IS_ACTIVE_`, `IS_CONCURRENT_`, `IS_SCOPE_`, `IS_EVENT_SCOPE_`, `IS_MI_ROOT_`, `SUSPENSION_STATE_`, `CACHED_ENT_STATE_`, `TENANT_ID_`, `NAME_`, `START_TIME_`, `START_USER_ID_`, `LOCK_TIME_`, `IS_COUNT_ENABLED_`, `EVT_SUBSCR_COUNT_`, `TASK_COUNT_`, `JOB_COUNT_`, `TIMER_JOB_COUNT_`, `SUSP_JOB_COUNT_`, `DEADLETTER_JOB_COUNT_`, `VAR_COUNT_`, `ID_LINK_COUNT_`, `APP_VERSION_`) VALUES ('1e9c5ab5-d914-11ed-911b-581122a46875', 2, '1e9c0c92-d914-11ed-911b-581122a46875', NULL, '1e9c0c92-d914-11ed-911b-581122a46875', 'complete_leave:1:c95b677a-d913-11ed-a2c4-581122a46875', NULL, '1e9c0c92-d914-11ed-911b-581122a46875', 'sid-6C8E0D52-5285-4518-8212-0A9AEA5465E6', 1, 0, 0, 0, 0, 1, NULL, '', NULL, '2023-04-12 17:26:35.449', NULL, NULL, 0, 0, 0, 0, 0, 0, 0, 0, 0, NULL);
COMMIT;

-- ----------------------------
-- Table structure for ACT_RU_IDENTITYLINK
-- ----------------------------
DROP TABLE IF EXISTS `ACT_RU_IDENTITYLINK`;
CREATE TABLE `ACT_RU_IDENTITYLINK` (
  `ID_` varchar(64) COLLATE utf8mb3_bin NOT NULL,
  `REV_` int DEFAULT NULL,
  `GROUP_ID_` varchar(255) COLLATE utf8mb3_bin DEFAULT NULL,
  `TYPE_` varchar(255) COLLATE utf8mb3_bin DEFAULT NULL,
  `USER_ID_` varchar(255) COLLATE utf8mb3_bin DEFAULT NULL,
  `TASK_ID_` varchar(64) COLLATE utf8mb3_bin DEFAULT NULL,
  `PROC_INST_ID_` varchar(64) COLLATE utf8mb3_bin DEFAULT NULL,
  `PROC_DEF_ID_` varchar(64) COLLATE utf8mb3_bin DEFAULT NULL,
  PRIMARY KEY (`ID_`),
  KEY `ACT_IDX_IDENT_LNK_USER` (`USER_ID_`),
  KEY `ACT_IDX_IDENT_LNK_GROUP` (`GROUP_ID_`),
  KEY `ACT_IDX_ATHRZ_PROCEDEF` (`PROC_DEF_ID_`),
  KEY `ACT_FK_TSKASS_TASK` (`TASK_ID_`),
  KEY `ACT_FK_IDL_PROCINST` (`PROC_INST_ID_`),
  CONSTRAINT `ACT_FK_ATHRZ_PROCEDEF` FOREIGN KEY (`PROC_DEF_ID_`) REFERENCES `ACT_RE_PROCDEF` (`ID_`),
  CONSTRAINT `ACT_FK_IDL_PROCINST` FOREIGN KEY (`PROC_INST_ID_`) REFERENCES `ACT_RU_EXECUTION` (`ID_`),
  CONSTRAINT `ACT_FK_TSKASS_TASK` FOREIGN KEY (`TASK_ID_`) REFERENCES `ACT_RU_TASK` (`ID_`)
) ENGINE=InnoDB DEFAULT CHARSET=utf8mb3 COLLATE=utf8mb3_bin;

-- ----------------------------
-- Records of ACT_RU_IDENTITYLINK
-- ----------------------------
BEGIN;
INSERT INTO `ACT_RU_IDENTITYLINK` (`ID_`, `REV_`, `GROUP_ID_`, `TYPE_`, `USER_ID_`, `TASK_ID_`, `PROC_INST_ID_`, `PROC_DEF_ID_`) VALUES ('1e9f67fc-d914-11ed-911b-581122a46875', 1, NULL, 'participant', 'Jesse', NULL, '1e9c0c92-d914-11ed-911b-581122a46875', NULL);
INSERT INTO `ACT_RU_IDENTITYLINK` (`ID_`, `REV_`, `GROUP_ID_`, `TYPE_`, `USER_ID_`, `TASK_ID_`, `PROC_INST_ID_`, `PROC_DEF_ID_`) VALUES ('9c5ac12e-d914-11ed-823f-581122a46875', 1, NULL, 'participant', 'Walter', NULL, '1e9c0c92-d914-11ed-911b-581122a46875', NULL);
COMMIT;

-- ----------------------------
-- Table structure for ACT_RU_INTEGRATION
-- ----------------------------
DROP TABLE IF EXISTS `ACT_RU_INTEGRATION`;
CREATE TABLE `ACT_RU_INTEGRATION` (
  `ID_` varchar(64) COLLATE utf8mb3_bin NOT NULL,
  `EXECUTION_ID_` varchar(64) COLLATE utf8mb3_bin DEFAULT NULL,
  `PROCESS_INSTANCE_ID_` varchar(64) COLLATE utf8mb3_bin DEFAULT NULL,
  `PROC_DEF_ID_` varchar(64) COLLATE utf8mb3_bin DEFAULT NULL,
  `FLOW_NODE_ID_` varchar(64) COLLATE utf8mb3_bin DEFAULT NULL,
  `CREATED_DATE_` timestamp(3) NULL DEFAULT NULL,
  PRIMARY KEY (`ID_`),
  KEY `ACT_FK_INT_EXECUTION` (`EXECUTION_ID_`),
  KEY `ACT_FK_INT_PROC_INST` (`PROCESS_INSTANCE_ID_`),
  KEY `ACT_FK_INT_PROC_DEF` (`PROC_DEF_ID_`),
  CONSTRAINT `ACT_FK_INT_EXECUTION` FOREIGN KEY (`EXECUTION_ID_`) REFERENCES `ACT_RU_EXECUTION` (`ID_`) ON DELETE CASCADE,
  CONSTRAINT `ACT_FK_INT_PROC_DEF` FOREIGN KEY (`PROC_DEF_ID_`) REFERENCES `ACT_RE_PROCDEF` (`ID_`),
  CONSTRAINT `ACT_FK_INT_PROC_INST` FOREIGN KEY (`PROCESS_INSTANCE_ID_`) REFERENCES `ACT_RU_EXECUTION` (`ID_`)
) ENGINE=InnoDB DEFAULT CHARSET=utf8mb3 COLLATE=utf8mb3_bin;

-- ----------------------------
-- Records of ACT_RU_INTEGRATION
-- ----------------------------
BEGIN;
COMMIT;

-- ----------------------------
-- Table structure for ACT_RU_JOB
-- ----------------------------
DROP TABLE IF EXISTS `ACT_RU_JOB`;
CREATE TABLE `ACT_RU_JOB` (
  `ID_` varchar(64) COLLATE utf8mb3_bin NOT NULL,
  `REV_` int DEFAULT NULL,
  `TYPE_` varchar(255) COLLATE utf8mb3_bin NOT NULL,
  `LOCK_EXP_TIME_` timestamp(3) NULL DEFAULT NULL,
  `LOCK_OWNER_` varchar(255) COLLATE utf8mb3_bin DEFAULT NULL,
  `EXCLUSIVE_` tinyint(1) DEFAULT NULL,
  `EXECUTION_ID_` varchar(64) COLLATE utf8mb3_bin DEFAULT NULL,
  `PROCESS_INSTANCE_ID_` varchar(64) COLLATE utf8mb3_bin DEFAULT NULL,
  `PROC_DEF_ID_` varchar(64) COLLATE utf8mb3_bin DEFAULT NULL,
  `RETRIES_` int DEFAULT NULL,
  `EXCEPTION_STACK_ID_` varchar(64) COLLATE utf8mb3_bin DEFAULT NULL,
  `EXCEPTION_MSG_` varchar(4000) COLLATE utf8mb3_bin DEFAULT NULL,
  `DUEDATE_` timestamp(3) NULL DEFAULT NULL,
  `REPEAT_` varchar(255) COLLATE utf8mb3_bin DEFAULT NULL,
  `HANDLER_TYPE_` varchar(255) COLLATE utf8mb3_bin DEFAULT NULL,
  `HANDLER_CFG_` varchar(4000) COLLATE utf8mb3_bin DEFAULT NULL,
  `TENANT_ID_` varchar(255) COLLATE utf8mb3_bin DEFAULT '',
  PRIMARY KEY (`ID_`),
  KEY `ACT_FK_JOB_EXECUTION` (`EXECUTION_ID_`),
  KEY `ACT_FK_JOB_PROCESS_INSTANCE` (`PROCESS_INSTANCE_ID_`),
  KEY `ACT_FK_JOB_PROC_DEF` (`PROC_DEF_ID_`),
  KEY `ACT_FK_JOB_EXCEPTION` (`EXCEPTION_STACK_ID_`),
  CONSTRAINT `ACT_FK_JOB_EXCEPTION` FOREIGN KEY (`EXCEPTION_STACK_ID_`) REFERENCES `ACT_GE_BYTEARRAY` (`ID_`),
  CONSTRAINT `ACT_FK_JOB_EXECUTION` FOREIGN KEY (`EXECUTION_ID_`) REFERENCES `ACT_RU_EXECUTION` (`ID_`),
  CONSTRAINT `ACT_FK_JOB_PROC_DEF` FOREIGN KEY (`PROC_DEF_ID_`) REFERENCES `ACT_RE_PROCDEF` (`ID_`),
  CONSTRAINT `ACT_FK_JOB_PROCESS_INSTANCE` FOREIGN KEY (`PROCESS_INSTANCE_ID_`) REFERENCES `ACT_RU_EXECUTION` (`ID_`)
) ENGINE=InnoDB DEFAULT CHARSET=utf8mb3 COLLATE=utf8mb3_bin;

-- ----------------------------
-- Records of ACT_RU_JOB
-- ----------------------------
BEGIN;
COMMIT;

-- ----------------------------
-- Table structure for ACT_RU_SUSPENDED_JOB
-- ----------------------------
DROP TABLE IF EXISTS `ACT_RU_SUSPENDED_JOB`;
CREATE TABLE `ACT_RU_SUSPENDED_JOB` (
  `ID_` varchar(64) COLLATE utf8mb3_bin NOT NULL,
  `REV_` int DEFAULT NULL,
  `TYPE_` varchar(255) COLLATE utf8mb3_bin NOT NULL,
  `EXCLUSIVE_` tinyint(1) DEFAULT NULL,
  `EXECUTION_ID_` varchar(64) COLLATE utf8mb3_bin DEFAULT NULL,
  `PROCESS_INSTANCE_ID_` varchar(64) COLLATE utf8mb3_bin DEFAULT NULL,
  `PROC_DEF_ID_` varchar(64) COLLATE utf8mb3_bin DEFAULT NULL,
  `RETRIES_` int DEFAULT NULL,
  `EXCEPTION_STACK_ID_` varchar(64) COLLATE utf8mb3_bin DEFAULT NULL,
  `EXCEPTION_MSG_` varchar(4000) COLLATE utf8mb3_bin DEFAULT NULL,
  `DUEDATE_` timestamp(3) NULL DEFAULT NULL,
  `REPEAT_` varchar(255) COLLATE utf8mb3_bin DEFAULT NULL,
  `HANDLER_TYPE_` varchar(255) COLLATE utf8mb3_bin DEFAULT NULL,
  `HANDLER_CFG_` varchar(4000) COLLATE utf8mb3_bin DEFAULT NULL,
  `TENANT_ID_` varchar(255) COLLATE utf8mb3_bin DEFAULT '',
  PRIMARY KEY (`ID_`),
  KEY `ACT_FK_SUSPENDED_JOB_EXECUTION` (`EXECUTION_ID_`),
  KEY `ACT_FK_SUSPENDED_JOB_PROCESS_INSTANCE` (`PROCESS_INSTANCE_ID_`),
  KEY `ACT_FK_SUSPENDED_JOB_PROC_DEF` (`PROC_DEF_ID_`),
  KEY `ACT_FK_SUSPENDED_JOB_EXCEPTION` (`EXCEPTION_STACK_ID_`),
  CONSTRAINT `ACT_FK_SUSPENDED_JOB_EXCEPTION` FOREIGN KEY (`EXCEPTION_STACK_ID_`) REFERENCES `ACT_GE_BYTEARRAY` (`ID_`),
  CONSTRAINT `ACT_FK_SUSPENDED_JOB_EXECUTION` FOREIGN KEY (`EXECUTION_ID_`) REFERENCES `ACT_RU_EXECUTION` (`ID_`),
  CONSTRAINT `ACT_FK_SUSPENDED_JOB_PROC_DEF` FOREIGN KEY (`PROC_DEF_ID_`) REFERENCES `ACT_RE_PROCDEF` (`ID_`),
  CONSTRAINT `ACT_FK_SUSPENDED_JOB_PROCESS_INSTANCE` FOREIGN KEY (`PROCESS_INSTANCE_ID_`) REFERENCES `ACT_RU_EXECUTION` (`ID_`)
) ENGINE=InnoDB DEFAULT CHARSET=utf8mb3 COLLATE=utf8mb3_bin;

-- ----------------------------
-- Records of ACT_RU_SUSPENDED_JOB
-- ----------------------------
BEGIN;
COMMIT;

-- ----------------------------
-- Table structure for ACT_RU_TASK
-- ----------------------------
DROP TABLE IF EXISTS `ACT_RU_TASK`;
CREATE TABLE `ACT_RU_TASK` (
  `ID_` varchar(64) COLLATE utf8mb3_bin NOT NULL,
  `REV_` int DEFAULT NULL,
  `EXECUTION_ID_` varchar(64) COLLATE utf8mb3_bin DEFAULT NULL,
  `PROC_INST_ID_` varchar(64) COLLATE utf8mb3_bin DEFAULT NULL,
  `PROC_DEF_ID_` varchar(64) COLLATE utf8mb3_bin DEFAULT NULL,
  `NAME_` varchar(255) COLLATE utf8mb3_bin DEFAULT NULL,
  `BUSINESS_KEY_` varchar(255) COLLATE utf8mb3_bin DEFAULT NULL,
  `PARENT_TASK_ID_` varchar(64) COLLATE utf8mb3_bin DEFAULT NULL,
  `DESCRIPTION_` varchar(4000) COLLATE utf8mb3_bin DEFAULT NULL,
  `TASK_DEF_KEY_` varchar(255) COLLATE utf8mb3_bin DEFAULT NULL,
  `OWNER_` varchar(255) COLLATE utf8mb3_bin DEFAULT NULL,
  `ASSIGNEE_` varchar(255) COLLATE utf8mb3_bin DEFAULT NULL,
  `DELEGATION_` varchar(64) COLLATE utf8mb3_bin DEFAULT NULL,
  `PRIORITY_` int DEFAULT NULL,
  `CREATE_TIME_` timestamp(3) NULL DEFAULT NULL,
  `DUE_DATE_` datetime(3) DEFAULT NULL,
  `CATEGORY_` varchar(255) COLLATE utf8mb3_bin DEFAULT NULL,
  `SUSPENSION_STATE_` int DEFAULT NULL,
  `TENANT_ID_` varchar(255) COLLATE utf8mb3_bin DEFAULT '',
  `FORM_KEY_` varchar(255) COLLATE utf8mb3_bin DEFAULT NULL,
  `CLAIM_TIME_` datetime(3) DEFAULT NULL,
  `APP_VERSION_` int DEFAULT NULL,
  PRIMARY KEY (`ID_`),
  KEY `ACT_IDX_TASK_CREATE` (`CREATE_TIME_`),
  KEY `ACT_FK_TASK_EXE` (`EXECUTION_ID_`),
  KEY `ACT_FK_TASK_PROCINST` (`PROC_INST_ID_`),
  KEY `ACT_FK_TASK_PROCDEF` (`PROC_DEF_ID_`),
  CONSTRAINT `ACT_FK_TASK_EXE` FOREIGN KEY (`EXECUTION_ID_`) REFERENCES `ACT_RU_EXECUTION` (`ID_`),
  CONSTRAINT `ACT_FK_TASK_PROCDEF` FOREIGN KEY (`PROC_DEF_ID_`) REFERENCES `ACT_RE_PROCDEF` (`ID_`),
  CONSTRAINT `ACT_FK_TASK_PROCINST` FOREIGN KEY (`PROC_INST_ID_`) REFERENCES `ACT_RU_EXECUTION` (`ID_`)
) ENGINE=InnoDB DEFAULT CHARSET=utf8mb3 COLLATE=utf8mb3_bin;

-- ----------------------------
-- Records of ACT_RU_TASK
-- ----------------------------
BEGIN;
INSERT INTO `ACT_RU_TASK` (`ID_`, `REV_`, `EXECUTION_ID_`, `PROC_INST_ID_`, `PROC_DEF_ID_`, `NAME_`, `BUSINESS_KEY_`, `PARENT_TASK_ID_`, `DESCRIPTION_`, `TASK_DEF_KEY_`, `OWNER_`, `ASSIGNEE_`, `DELEGATION_`, `PRIORITY_`, `CREATE_TIME_`, `DUE_DATE_`, `CATEGORY_`, `SUSPENSION_STATE_`, `TENANT_ID_`, `FORM_KEY_`, `CLAIM_TIME_`, `APP_VERSION_`) VALUES ('9c5a4bfb-d914-11ed-823f-581122a46875', 1, '1e9c5ab5-d914-11ed-911b-581122a46875', '1e9c0c92-d914-11ed-911b-581122a46875', 'complete_leave:1:c95b677a-d913-11ed-a2c4-581122a46875', '', NULL, NULL, NULL, 'sid-6C8E0D52-5285-4518-8212-0A9AEA5465E6', NULL, 'Walter', NULL, 50, '2023-04-12 17:30:06.401', NULL, NULL, 1, '', NULL, NULL, NULL);
COMMIT;

-- ----------------------------
-- Table structure for ACT_RU_TIMER_JOB
-- ----------------------------
DROP TABLE IF EXISTS `ACT_RU_TIMER_JOB`;
CREATE TABLE `ACT_RU_TIMER_JOB` (
  `ID_` varchar(64) COLLATE utf8mb3_bin NOT NULL,
  `REV_` int DEFAULT NULL,
  `TYPE_` varchar(255) COLLATE utf8mb3_bin NOT NULL,
  `LOCK_EXP_TIME_` timestamp(3) NULL DEFAULT NULL,
  `LOCK_OWNER_` varchar(255) COLLATE utf8mb3_bin DEFAULT NULL,
  `EXCLUSIVE_` tinyint(1) DEFAULT NULL,
  `EXECUTION_ID_` varchar(64) COLLATE utf8mb3_bin DEFAULT NULL,
  `PROCESS_INSTANCE_ID_` varchar(64) COLLATE utf8mb3_bin DEFAULT NULL,
  `PROC_DEF_ID_` varchar(64) COLLATE utf8mb3_bin DEFAULT NULL,
  `RETRIES_` int DEFAULT NULL,
  `EXCEPTION_STACK_ID_` varchar(64) COLLATE utf8mb3_bin DEFAULT NULL,
  `EXCEPTION_MSG_` varchar(4000) COLLATE utf8mb3_bin DEFAULT NULL,
  `DUEDATE_` timestamp(3) NULL DEFAULT NULL,
  `REPEAT_` varchar(255) COLLATE utf8mb3_bin DEFAULT NULL,
  `HANDLER_TYPE_` varchar(255) COLLATE utf8mb3_bin DEFAULT NULL,
  `HANDLER_CFG_` varchar(4000) COLLATE utf8mb3_bin DEFAULT NULL,
  `TENANT_ID_` varchar(255) COLLATE utf8mb3_bin DEFAULT '',
  PRIMARY KEY (`ID_`),
  KEY `ACT_FK_TIMER_JOB_EXECUTION` (`EXECUTION_ID_`),
  KEY `ACT_FK_TIMER_JOB_PROCESS_INSTANCE` (`PROCESS_INSTANCE_ID_`),
  KEY `ACT_FK_TIMER_JOB_PROC_DEF` (`PROC_DEF_ID_`),
  KEY `ACT_FK_TIMER_JOB_EXCEPTION` (`EXCEPTION_STACK_ID_`),
  CONSTRAINT `ACT_FK_TIMER_JOB_EXCEPTION` FOREIGN KEY (`EXCEPTION_STACK_ID_`) REFERENCES `ACT_GE_BYTEARRAY` (`ID_`),
  CONSTRAINT `ACT_FK_TIMER_JOB_EXECUTION` FOREIGN KEY (`EXECUTION_ID_`) REFERENCES `ACT_RU_EXECUTION` (`ID_`),
  CONSTRAINT `ACT_FK_TIMER_JOB_PROC_DEF` FOREIGN KEY (`PROC_DEF_ID_`) REFERENCES `ACT_RE_PROCDEF` (`ID_`),
  CONSTRAINT `ACT_FK_TIMER_JOB_PROCESS_INSTANCE` FOREIGN KEY (`PROCESS_INSTANCE_ID_`) REFERENCES `ACT_RU_EXECUTION` (`ID_`)
) ENGINE=InnoDB DEFAULT CHARSET=utf8mb3 COLLATE=utf8mb3_bin;

-- ----------------------------
-- Records of ACT_RU_TIMER_JOB
-- ----------------------------
BEGIN;
COMMIT;

-- ----------------------------
-- Table structure for ACT_RU_VARIABLE
-- ----------------------------
DROP TABLE IF EXISTS `ACT_RU_VARIABLE`;
CREATE TABLE `ACT_RU_VARIABLE` (
  `ID_` varchar(64) COLLATE utf8mb3_bin NOT NULL,
  `REV_` int DEFAULT NULL,
  `TYPE_` varchar(255) COLLATE utf8mb3_bin NOT NULL,
  `NAME_` varchar(255) COLLATE utf8mb3_bin NOT NULL,
  `EXECUTION_ID_` varchar(64) COLLATE utf8mb3_bin DEFAULT NULL,
  `PROC_INST_ID_` varchar(64) COLLATE utf8mb3_bin DEFAULT NULL,
  `TASK_ID_` varchar(64) COLLATE utf8mb3_bin DEFAULT NULL,
  `BYTEARRAY_ID_` varchar(64) COLLATE utf8mb3_bin DEFAULT NULL,
  `DOUBLE_` double DEFAULT NULL,
  `LONG_` bigint DEFAULT NULL,
  `TEXT_` varchar(4000) COLLATE utf8mb3_bin DEFAULT NULL,
  `TEXT2_` varchar(4000) COLLATE utf8mb3_bin DEFAULT NULL,
  PRIMARY KEY (`ID_`),
  KEY `ACT_IDX_VARIABLE_TASK_ID` (`TASK_ID_`),
  KEY `ACT_FK_VAR_EXE` (`EXECUTION_ID_`),
  KEY `ACT_FK_VAR_PROCINST` (`PROC_INST_ID_`),
  KEY `ACT_FK_VAR_BYTEARRAY` (`BYTEARRAY_ID_`),
  CONSTRAINT `ACT_FK_VAR_BYTEARRAY` FOREIGN KEY (`BYTEARRAY_ID_`) REFERENCES `ACT_GE_BYTEARRAY` (`ID_`),
  CONSTRAINT `ACT_FK_VAR_EXE` FOREIGN KEY (`EXECUTION_ID_`) REFERENCES `ACT_RU_EXECUTION` (`ID_`),
  CONSTRAINT `ACT_FK_VAR_PROCINST` FOREIGN KEY (`PROC_INST_ID_`) REFERENCES `ACT_RU_EXECUTION` (`ID_`)
) ENGINE=InnoDB DEFAULT CHARSET=utf8mb3 COLLATE=utf8mb3_bin;

-- ----------------------------
-- Records of ACT_RU_VARIABLE
-- ----------------------------
BEGIN;
INSERT INTO `ACT_RU_VARIABLE` (`ID_`, `REV_`, `TYPE_`, `NAME_`, `EXECUTION_ID_`, `PROC_INST_ID_`, `TASK_ID_`, `BYTEARRAY_ID_`, `DOUBLE_`, `LONG_`, `TEXT_`, `TEXT2_`) VALUES ('1e9c33a3-d914-11ed-911b-581122a46875', 1, 'integer', 'day', '1e9c0c92-d914-11ed-911b-581122a46875', '1e9c0c92-d914-11ed-911b-581122a46875', NULL, NULL, NULL, 2, '2', NULL);
INSERT INTO `ACT_RU_VARIABLE` (`ID_`, `REV_`, `TYPE_`, `NAME_`, `EXECUTION_ID_`, `PROC_INST_ID_`, `TASK_ID_`, `BYTEARRAY_ID_`, `DOUBLE_`, `LONG_`, `TEXT_`, `TEXT2_`) VALUES ('9c5a730c-d914-11ed-823f-581122a46875', 1, 'integer', 'day', '1e9c5ab5-d914-11ed-911b-581122a46875', '1e9c0c92-d914-11ed-911b-581122a46875', '9c5a4bfb-d914-11ed-823f-581122a46875', NULL, NULL, 2, '2', NULL);
COMMIT;

-- ----------------------------
-- Table structure for oa_process
-- ----------------------------
DROP TABLE IF EXISTS `oa_process`;
CREATE TABLE `oa_process` (
  `id` bigint NOT NULL AUTO_INCREMENT COMMENT 'id',
  `process_code` varchar(50) NOT NULL DEFAULT '' COMMENT 'code',
  `user_id` bigint NOT NULL DEFAULT '0' COMMENT 'id',
  `process_template_id` bigint DEFAULT NULL COMMENT 'id',
  `process_type_id` bigint DEFAULT NULL COMMENT 'id',
  `title` varchar(255) DEFAULT NULL COMMENT '',
  `description` varchar(255) DEFAULT NULL COMMENT '',
  `form_values` text COMMENT '',
  `process_instance_id` varchar(255) DEFAULT NULL COMMENT 'id',
  `current_auditor` varchar(255) DEFAULT NULL COMMENT '',
  `status` tinyint DEFAULT NULL COMMENT '0 1 2 -1',
  `version` int DEFAULT '1' COMMENT '',
  `deleted` tinyint DEFAULT '0' COMMENT '0: 1:',
  `create_time` timestamp NOT NULL DEFAULT CURRENT_TIMESTAMP COMMENT '',
  `update_time` timestamp NOT NULL DEFAULT CURRENT_TIMESTAMP ON UPDATE CURRENT_TIMESTAMP COMMENT '',
  PRIMARY KEY (`id`)
) ENGINE=InnoDB AUTO_INCREMENT=8 DEFAULT CHARSET=utf8mb3 COMMENT='';

-- ----------------------------
-- Records of oa_process
-- ----------------------------
BEGIN;
INSERT INTO `oa_process` (`id`, `process_code`, `user_id`, `process_template_id`, `process_type_id`, `title`, `description`, `form_values`, `process_instance_id`, `current_auditor`, `status`, `version`, `deleted`, `create_time`, `update_time`) VALUES (2, '11', 4, 1, 2, '', NULL, NULL, NULL, NULL, 1, 1, 0, '2023-04-28 19:29:59', '2023-04-28 21:30:18');
INSERT INTO `oa_process` (`id`, `process_code`, `user_id`, `process_template_id`, `process_type_id`, `title`, `description`, `form_values`, `process_instance_id`, `current_auditor`, `status`, `version`, `deleted`, `create_time`, `update_time`) VALUES (4, '1683016348557', 1, 17, 2, 'admin', '', '{\"formData\":{\"time\":[\"2023-05-02 00:00:00\",\"2023-05-12 00:00:00\"],\"reason\":\"\"},\"formShowData\":{\"\":[\"2023-05-02 00:00:00\",\"2023-05-12 00:00:00\"],\"\":\"\"}}', 'df93deed-e8c3-11ed-91dc-581122a46875', NULL, 2, 3, 0, '2023-05-02 16:32:29', '2023-05-03 18:10:59');
INSERT INTO `oa_process` (`id`, `process_code`, `user_id`, `process_template_id`, `process_type_id`, `title`, `description`, `form_values`, `process_instance_id`, `current_auditor`, `status`, `version`, `deleted`, `create_time`, `update_time`) VALUES (6, '1683349141365', 1, 17, 2, 'admin', '', '{\"formData\":{\"time\":[\"2023-05-06 00:00:00\",\"2023-05-13 00:00:00\"],\"reason\":\"\"},\"formShowData\":{\"\":[\"2023-05-06 00:00:00\",\"2023-05-13 00:00:00\"],\"\":\"\"}}', 'b78c4e50-ebca-11ed-b3cb-581122a46875', NULL, 2, 3, 0, '2023-05-06 12:59:01', '2023-05-06 13:54:09');
INSERT INTO `oa_process` (`id`, `process_code`, `user_id`, `process_template_id`, `process_type_id`, `title`, `description`, `form_values`, `process_instance_id`, `current_auditor`, `status`, `version`, `deleted`, `create_time`, `update_time`) VALUES (7, '1683354079797', 1, 17, 2, 'admin', '', '{\"formData\":{\"time\":[\"2023-05-06 00:00:00\",\"2023-05-19 00:00:00\"],\"reason\":\"\"},\"formShowData\":{\"\":[\"2023-05-06 00:00:00\",\"2023-05-19 00:00:00\"],\"\":\"\"}}', '37158882-ebd6-11ed-b3cb-581122a46875', NULL, 2, 3, 0, '2023-05-06 14:21:20', '2023-05-06 14:38:03');
COMMIT;

-- ----------------------------
-- Table structure for oa_process_record
-- ----------------------------
DROP TABLE IF EXISTS `oa_process_record`;
CREATE TABLE `oa_process_record` (
  `id` bigint NOT NULL AUTO_INCREMENT COMMENT 'id',
  `process_id` bigint NOT NULL DEFAULT '0' COMMENT 'id',
  `description` varchar(255) DEFAULT NULL COMMENT '',
  `status` tinyint DEFAULT '0' COMMENT '',
  `operate_user_id` bigint NOT NULL DEFAULT '0' COMMENT 'id',
  `operate_user` varchar(20) DEFAULT NULL COMMENT '',
  `version` int DEFAULT '1' COMMENT '',
  `deleted` tinyint DEFAULT '0' COMMENT '0: 1:',
  `create_time` timestamp NOT NULL DEFAULT CURRENT_TIMESTAMP COMMENT '',
  `update_time` timestamp NOT NULL DEFAULT CURRENT_TIMESTAMP ON UPDATE CURRENT_TIMESTAMP COMMENT '',
  PRIMARY KEY (`id`)
) ENGINE=InnoDB AUTO_INCREMENT=12 DEFAULT CHARSET=utf8mb3 COMMENT='';

-- ----------------------------
-- Records of oa_process_record
-- ----------------------------
BEGIN;
INSERT INTO `oa_process_record` (`id`, `process_id`, `description`, `status`, `operate_user_id`, `operate_user`, `version`, `deleted`, `create_time`, `update_time`) VALUES (1, 1, '', 1, 4, '', 1, 0, '2022-12-22 11:15:33', '2022-12-22 11:15:33');
INSERT INTO `oa_process_record` (`id`, `process_id`, `description`, `status`, `operate_user_id`, `operate_user`, `version`, `deleted`, `create_time`, `update_time`) VALUES (2, 4, '', 1, 1, 'admin', 1, 0, '2023-05-02 16:32:29', '2023-05-02 16:32:29');
INSERT INTO `oa_process_record` (`id`, `process_id`, `description`, `status`, `operate_user_id`, `operate_user`, `version`, `deleted`, `create_time`, `update_time`) VALUES (4, 4, '', 1, 2, '', 1, 0, '2023-05-03 18:06:18', '2023-05-03 18:06:18');
INSERT INTO `oa_process_record` (`id`, `process_id`, `description`, `status`, `operate_user_id`, `operate_user`, `version`, `deleted`, `create_time`, `update_time`) VALUES (5, 4, '', 1, 3, '', 1, 0, '2023-05-03 18:10:59', '2023-05-03 18:10:59');
INSERT INTO `oa_process_record` (`id`, `process_id`, `description`, `status`, `operate_user_id`, `operate_user`, `version`, `deleted`, `create_time`, `update_time`) VALUES (6, 6, '', 1, 1, 'admin', 1, 0, '2023-05-06 12:59:01', '2023-05-06 12:59:01');
INSERT INTO `oa_process_record` (`id`, `process_id`, `description`, `status`, `operate_user_id`, `operate_user`, `version`, `deleted`, `create_time`, `update_time`) VALUES (7, 6, '', 1, 2, '', 1, 0, '2023-05-06 13:50:48', '2023-05-06 13:50:48');
INSERT INTO `oa_process_record` (`id`, `process_id`, `description`, `status`, `operate_user_id`, `operate_user`, `version`, `deleted`, `create_time`, `update_time`) VALUES (8, 6, '', 1, 3, '', 1, 0, '2023-05-06 13:54:09', '2023-05-06 13:54:09');
INSERT INTO `oa_process_record` (`id`, `process_id`, `description`, `status`, `operate_user_id`, `operate_user`, `version`, `deleted`, `create_time`, `update_time`) VALUES (9, 7, '', 1, 1, 'admin', 1, 0, '2023-05-06 14:21:20', '2023-05-06 14:21:20');
INSERT INTO `oa_process_record` (`id`, `process_id`, `description`, `status`, `operate_user_id`, `operate_user`, `version`, `deleted`, `create_time`, `update_time`) VALUES (10, 7, '', 1, 2, '', 1, 0, '2023-05-06 14:23:50', '2023-05-06 14:23:50');
INSERT INTO `oa_process_record` (`id`, `process_id`, `description`, `status`, `operate_user_id`, `operate_user`, `version`, `deleted`, `create_time`, `update_time`) VALUES (11, 7, '', 1, 3, '', 1, 0, '2023-05-06 14:38:03', '2023-05-06 14:38:03');
COMMIT;

-- ----------------------------
-- Table structure for oa_process_template
-- ----------------------------
DROP TABLE IF EXISTS `oa_process_template`;
CREATE TABLE `oa_process_template` (
  `id` bigint NOT NULL AUTO_INCREMENT COMMENT 'id',
  `name` varchar(20) NOT NULL DEFAULT '' COMMENT '',
  `icon_url` varchar(100) DEFAULT NULL COMMENT '',
  `process_type_id` bigint DEFAULT NULL,
  `form_props` text COMMENT '',
  `form_options` text COMMENT '',
  `process_definition_key` varchar(64) CHARACTER SET utf8mb3 COLLATE utf8mb3_general_ci DEFAULT NULL COMMENT 'key',
  `process_definition_path` varchar(255) DEFAULT NULL COMMENT '',
  `process_model_id` varchar(255) DEFAULT NULL COMMENT 'id',
  `description` varchar(255) DEFAULT NULL COMMENT '',
  `status` tinyint NOT NULL DEFAULT '0',
  `version` int DEFAULT '1' COMMENT '',
  `deleted` tinyint DEFAULT '0' COMMENT '0: 1:',
  `create_time` timestamp NOT NULL DEFAULT CURRENT_TIMESTAMP COMMENT '',
  `update_time` timestamp NOT NULL DEFAULT CURRENT_TIMESTAMP ON UPDATE CURRENT_TIMESTAMP COMMENT '',
  PRIMARY KEY (`id`)
) ENGINE=InnoDB AUTO_INCREMENT=18 DEFAULT CHARSET=utf8mb3 COMMENT='';

-- ----------------------------
-- Records of oa_process_template
-- ----------------------------
BEGIN;
INSERT INTO `oa_process_template` (`id`, `name`, `icon_url`, `process_type_id`, `form_props`, `form_options`, `process_definition_key`, `process_definition_path`, `process_model_id`, `description`, `status`, `version`, `deleted`, `create_time`, `update_time`) VALUES (1, '', 'https://gw.alicdn.com/tfs/TB1bHOWCSzqK1RjSZFjXXblCFXa-112-112.png', 1, '[{\"type\":\"datePicker\",\"field\":\"sdate\",\"title\":\"\",\"info\":\"\",\"_fc_drag_tag\":\"datePicker\",\"hidden\":false,\"display\":true,\"validate\":[{\"trigger\":\"change\",\"mode\":\"required\",\"message\":\"\",\"required\":true,\"type\":\"string\"}]},{\"type\":\"datePicker\",\"field\":\"edate\",\"title\":\"\",\"info\":\"\",\"_fc_drag_tag\":\"datePicker\",\"hidden\":false,\"display\":true,\"validate\":[{\"trigger\":\"change\",\"mode\":\"required\",\"message\":\"\",\"required\":true,\"type\":\"string\"}]},{\"type\":\"input\",\"field\":\"day\",\"title\":\"\",\"info\":\"\",\"_fc_drag_tag\":\"input\",\"hidden\":false,\"display\":true,\"validate\":[{\"trigger\":\"change\",\"mode\":\"required\",\"message\":\"\",\"required\":true,\"type\":\"string\"}]},{\"type\":\"input\",\"field\":\"reason\",\"title\":\"\",\"info\":\"\",\"props\":{\"type\":\"textarea\",\"rows\":4},\"_fc_drag_tag\":\"input\",\"hidden\":false,\"display\":true,\"validate\":[{\"trigger\":\"change\",\"mode\":\"required\",\"message\":\"\",\"required\":true,\"type\":\"string\"}]},{\"type\":\"select\",\"field\":\"dept\",\"title\":\"\",\"info\":\"\",\"effect\":{\"fetch\":\"\"},\"options\":[{\"value\":\"\",\"label\":\"\"},{\"value\":\"\",\"label\":\"\"},{\"label\":\"\",\"value\":\"\"},{\"label\":\"\",\"value\":\"\"}],\"_fc_drag_tag\":\"select\",\"hidden\":false,\"display\":true}]', '{\n    \"form\": {\n        \"labelPosition\": \"right\",\n        \"size\": \"medium\",\n        \"labelWidth\": \"80px\",\n        \"hideRequiredAsterisk\": false,\n        \"showMessage\": true,\n        \"inlineMessage\": false\n    },\n    \"submitBtn\": {\n                         \"innerText\":\" \",\n                        \"round\":true,\n                        \"width\": \"280px\",\n                        \"type\":\"primary\"\n                     },\n    \"resetBtn\": false\n}\n', 'jiaban', '', '', '', 1, 1, 0, '2022-12-07 14:33:51', '2022-12-27 09:12:58');
INSERT INTO `oa_process_template` (`id`, `name`, `icon_url`, `process_type_id`, `form_props`, `form_options`, `process_definition_key`, `process_definition_path`, `process_model_id`, `description`, `status`, `version`, `deleted`, `create_time`, `update_time`) VALUES (2, '', 'https://gw.alicdn.com/imgextra/i3/O1CN01LLn0YV1LhBXs7T2iO_!!6000000001330-2-tps-120-120.png', 2, '[{\"type\":\"datePicker\",\"field\":\"sdate\",\"title\":\"\",\"info\":\"\",\"_fc_drag_tag\":\"datePicker\",\"hidden\":false,\"display\":true,\"validate\":[{\"trigger\":\"change\",\"mode\":\"required\",\"message\":\"\",\"required\":true,\"type\":\"string\"}]},{\"type\":\"datePicker\",\"field\":\"edate\",\"title\":\"\",\"info\":\"\",\"_fc_drag_tag\":\"datePicker\",\"hidden\":false,\"display\":true,\"validate\":[{\"trigger\":\"change\",\"mode\":\"required\",\"message\":\"\",\"required\":true,\"type\":\"string\"}]},{\"type\":\"input\",\"field\":\"day\",\"title\":\"\",\"info\":\"\",\"_fc_drag_tag\":\"input\",\"hidden\":false,\"display\":true,\"validate\":[{\"trigger\":\"change\",\"mode\":\"required\",\"message\":\"\",\"required\":true,\"type\":\"string\"}]},{\"type\":\"input\",\"field\":\"reason\",\"title\":\"\",\"info\":\"\",\"props\":{\"type\":\"textarea\",\"rows\":4},\"_fc_drag_tag\":\"input\",\"hidden\":false,\"display\":true,\"validate\":[{\"trigger\":\"change\",\"mode\":\"required\",\"message\":\"\",\"required\":true,\"type\":\"string\"}]},{\"type\":\"select\",\"field\":\"dept\",\"title\":\"\",\"info\":\"\",\"effect\":{\"fetch\":\"\"},\"options\":[{\"value\":\"\",\"label\":\"\"},{\"value\":\"\",\"label\":\"\"},{\"label\":\"\",\"value\":\"\"},{\"label\":\"\",\"value\":\"\"}],\"_fc_drag_tag\":\"select\",\"hidden\":false,\"display\":true}]', '{\n    \"form\": {\n        \"labelPosition\": \"right\",\n        \"size\": \"medium\",\n        \"labelWidth\": \"80px\",\n        \"hideRequiredAsterisk\": false,\n        \"showMessage\": true,\n        \"inlineMessage\": false\n    },\n    \"submitBtn\": {\n                         \"innerText\":\" \",\n                        \"round\":true,\n                        \"width\": \"280px\",\n                        \"type\":\"primary\"\n                     },\n    \"resetBtn\": false\n}\n', 'qingjia', '', '', '', 0, 1, 0, '2022-12-07 15:04:02', '2023-04-27 15:51:14');
INSERT INTO `oa_process_template` (`id`, `name`, `icon_url`, `process_type_id`, `form_props`, `form_options`, `process_definition_key`, `process_definition_path`, `process_model_id`, `description`, `status`, `version`, `deleted`, `create_time`, `update_time`) VALUES (3, '', 'https://gw.alicdn.com/tfs/TB1e76lCOLaK1RjSZFxXXamPFXa-112-112.png', 3, '[{\"type\":\"datePicker\",\"field\":\"sdate\",\"title\":\"\",\"info\":\"\",\"_fc_drag_tag\":\"datePicker\",\"hidden\":false,\"display\":true,\"validate\":[{\"trigger\":\"change\",\"mode\":\"required\",\"message\":\"\",\"required\":true,\"type\":\"string\"}],\"props\":{\"format\":\"\"}},\n{\"type\":\"input\",\"field\":\"amount\",\"title\":\"\",\"info\":\"\",\"_fc_drag_tag\":\"input\",\"hidden\":false,\"display\":true,\"validate\":[{\"trigger\":\"change\",\"mode\":\"required\",\"message\":\"\",\"required\":true,\"type\":\"string\"}]},{\"type\":\"select\",\"field\":\"F0ma1n7tec860p\",\"title\":\"\",\"info\":\"\",\"effect\":{\"fetch\":\"\"},\"options\":[{\"value\":\"\",\"label\":\"\"},{\"value\":\"\",\"label\":\"\"},{\"label\":\"\",\"value\":\"\"},{\"label\":\"\",\"value\":\"\"},{\"label\":\"\",\"value\":\"\"},{\"label\":\"\",\"value\":\"\"},{\"label\":\"\",\"value\":\"\"}],\"_fc_drag_tag\":\"select\",\"hidden\":false,\"display\":true,\"validate\":[{\"trigger\":\"change\",\"mode\":\"required\",\"message\":\"\",\"required\":true,\"type\":\"string\"}]},{\"type\":\"input\",\"field\":\"reason\",\"title\":\"\",\"info\":\"\",\"props\":{\"type\":\"textarea\",\"rows\":4},\"_fc_drag_tag\":\"input\",\"hidden\":false,\"display\":true},{\"type\":\"select\",\"field\":\"dept\",\"title\":\"\",\"info\":\"\",\"effect\":{\"fetch\":\"\"},\"options\":[{\"value\":\"\",\"label\":\"\"},{\"value\":\"\",\"label\":\"\"},{\"label\":\"\",\"value\":\"\"},{\"label\":\"\",\"value\":\"\"}],\"_fc_drag_tag\":\"select\",\"hidden\":false,\"display\":true},{\"type\":\"input\",\"field\":\"content\",\"title\":\"\",\"info\":\"\",\"props\":{\"type\":\"textarea\",\"rows\":4},\"_fc_drag_tag\":\"input\",\"hidden\":false,\"display\":true,\"validate\":[{\"trigger\":\"change\",\"mode\":\"required\",\"message\":\"\",\"required\":true,\"type\":\"string\"}]},{\"type\":\"switch\",\"field\":\"F9hn1n7twlkcfk\",\"title\":\"\",\"info\":\"\",\"_fc_drag_tag\":\"switch\",\"hidden\":false,\"display\":true},{\"type\":\"span\",\"title\":\"\",\"native\":false,\"children\":[\"\"],\"_fc_drag_tag\":\"span\",\"hidden\":false,\"display\":true}]', '{\n    \"form\": {\n        \"labelPosition\": \"right\",\n        \"size\": \"medium\",\n        \"labelWidth\": \"80px\",\n        \"hideRequiredAsterisk\": false,\n        \"showMessage\": true,\n        \"inlineMessage\": false\n    },\n    \"submitBtn\": {\n                         \"innerText\":\" \",\n                        \"round\":true,\n                        \"width\": \"280px\",\n                        \"type\":\"primary\"\n                     },\n    \"resetBtn\": false\n}', 'feiyong', '', '', '', 0, 1, 0, '2022-12-08 10:35:33', '2023-04-27 15:51:14');
INSERT INTO `oa_process_template` (`id`, `name`, `icon_url`, `process_type_id`, `form_props`, `form_options`, `process_definition_key`, `process_definition_path`, `process_model_id`, `description`, `status`, `version`, `deleted`, `create_time`, `update_time`) VALUES (16, '', 'https://gw.alicdn.com/tfs/TB1cbCYCPTpK1RjSZKPXXa3UpXa-112-112.png', 1, '[{\"type\":\"input\",\"field\":\"F3ua5ypmrdret\",\"title\":\"\",\"info\":\"\",\"$required\":false,\"props\":{\"placeholder\":\"\"},\"_fc_drag_tag\":\"input\",\"hidden\":false,\"display\":true,\"validate\":[{\"trigger\":\"change\",\"mode\":\"required\",\"message\":\"\",\"required\":true,\"type\":\"string\"}]},{\"type\":\"datePicker\",\"field\":\"Fl595ypmrnqaw\",\"title\":\"\",\"info\":\"\",\"$required\":true,\"props\":{\"type\":\"datetimerange\"},\"_fc_drag_tag\":\"datePicker\",\"hidden\":false,\"display\":true}]', '{\"form\":{\"labelPlacement\":\"left\",\"requireMarkPlacement\":\"right\",\"size\":\"small\",\"labelWidth\":\"100\",\"show-feedback\":true},\"submitBtn\":{\"show\":true,\"innerText\":\"\"},\"resetBtn\":{\"show\":false,\"innerText\":\"\"}}', 'activiti_f4c598e6-e5db-44ef-931f-0f4679bc66dc', 'processes/activiti_f4c598e6-e5db-44ef-931f-0f4679bc66dc.zip', NULL, '', 0, 1, 0, '2023-04-27 13:19:56', '2023-04-27 15:51:14');
INSERT INTO `oa_process_template` (`id`, `name`, `icon_url`, `process_type_id`, `form_props`, `form_options`, `process_definition_key`, `process_definition_path`, `process_model_id`, `description`, `status`, `version`, `deleted`, `create_time`, `update_time`) VALUES (17, '', 'https://gw.alicdn.com/tfs/TB1bHOWCSzqK1RjSZFjXXblCFXa-112-112.png', 2, '[{\"type\":\"datePicker\",\"field\":\"time\",\"title\":\"\",\"info\":\"\",\"$required\":false,\"props\":{\"type\":\"datetimerange\"},\"_fc_drag_tag\":\"datePicker\",\"hidden\":false,\"display\":true},{\"type\":\"input\",\"field\":\"reason\",\"title\":\"\",\"info\":\"\",\"$required\":false,\"props\":{\"placeholder\":\"\",\"type\":\"textarea\"},\"_fc_drag_tag\":\"input\",\"hidden\":false,\"display\":true}]', '{\"form\":{\"labelPlacement\":\"left\",\"requireMarkPlacement\":\"right\",\"size\":\"small\",\"labelWidth\":\"auto\",\"show-feedback\":true},\"submitBtn\":{\"show\":true,\"innerText\":\"\"},\"resetBtn\":{\"show\":false,\"innerText\":\"\"}}', 'leave', 'processes/leave.zip', NULL, '', 1, 3, 0, '2023-05-02 15:06:53', '2023-05-03 14:08:56');
COMMIT;

-- ----------------------------
-- Table structure for oa_process_type
-- ----------------------------
DROP TABLE IF EXISTS `oa_process_type`;
CREATE TABLE `oa_process_type` (
  `id` bigint NOT NULL AUTO_INCREMENT COMMENT 'ID',
  `name` varchar(20) COLLATE utf8mb4_general_ci DEFAULT NULL COMMENT '',
  `description` varchar(255) COLLATE utf8mb4_general_ci DEFAULT NULL COMMENT '',
  `version` int DEFAULT '1' COMMENT '',
  `deleted` tinyint DEFAULT '0' COMMENT '1: 0:',
  `create_time` timestamp NOT NULL DEFAULT CURRENT_TIMESTAMP COMMENT '',
  `update_time` timestamp NOT NULL DEFAULT CURRENT_TIMESTAMP ON UPDATE CURRENT_TIMESTAMP COMMENT '',
  PRIMARY KEY (`id`)
) ENGINE=InnoDB AUTO_INCREMENT=4 DEFAULT CHARSET=utf8mb4 COLLATE=utf8mb4_general_ci;

-- ----------------------------
-- Records of oa_process_type
-- ----------------------------
BEGIN;
INSERT INTO `oa_process_type` (`id`, `name`, `description`, `version`, `deleted`, `create_time`, `update_time`) VALUES (1, '', '', 1, 0, '2023-04-12 19:00:16', '2023-05-04 15:51:46');
INSERT INTO `oa_process_type` (`id`, `name`, `description`, `version`, `deleted`, `create_time`, `update_time`) VALUES (2, '', '', 1, 0, '2023-04-12 19:00:40', '2023-04-12 19:00:40');
INSERT INTO `oa_process_type` (`id`, `name`, `description`, `version`, `deleted`, `create_time`, `update_time`) VALUES (3, '', '', 1, 0, '2023-04-12 19:00:57', '2023-04-13 15:40:10');
COMMIT;

-- ----------------------------
-- Table structure for sys_menu
-- ----------------------------
DROP TABLE IF EXISTS `sys_menu`;
CREATE TABLE `sys_menu` (
  `id` bigint NOT NULL AUTO_INCREMENT COMMENT '',
  `parent_id` bigint NOT NULL DEFAULT '0' COMMENT '',
  `title` varchar(20) CHARACTER SET utf8mb4 COLLATE utf8mb4_general_ci NOT NULL DEFAULT '' COMMENT '',
  `subtitle` varchar(20) CHARACTER SET utf8mb4 COLLATE utf8mb4_general_ci DEFAULT NULL COMMENT '',
  `type` tinyint NOT NULL DEFAULT '0' COMMENT '(0:,1:,2:)',
  `path` varchar(100) COLLATE utf8mb4_general_ci DEFAULT NULL COMMENT '',
  `component` varchar(100) COLLATE utf8mb4_general_ci DEFAULT NULL COMMENT '',
  `auth` varchar(100) CHARACTER SET utf8mb4 COLLATE utf8mb4_general_ci DEFAULT NULL COMMENT '',
  `icon` varchar(100) COLLATE utf8mb4_general_ci DEFAULT NULL COMMENT '',
  `sort_value` int DEFAULT NULL COMMENT '',
  `status` tinyint DEFAULT NULL COMMENT '(0:,1:)',
  `version` int DEFAULT '1' COMMENT '',
  `deleted` tinyint DEFAULT '0' COMMENT '1: 0:',
  `create_time` timestamp NOT NULL DEFAULT CURRENT_TIMESTAMP COMMENT '',
  `update_time` timestamp NOT NULL DEFAULT CURRENT_TIMESTAMP ON UPDATE CURRENT_TIMESTAMP COMMENT '',
  PRIMARY KEY (`id`),
  KEY `idx_parent_id` (`parent_id`)
) ENGINE=InnoDB AUTO_INCREMENT=63 DEFAULT CHARSET=utf8mb4 COLLATE=utf8mb4_general_ci COMMENT='';

-- ----------------------------
-- Records of sys_menu
-- ----------------------------
BEGIN;
INSERT INTO `sys_menu` (`id`, `parent_id`, `title`, `subtitle`, `type`, `path`, `component`, `auth`, `icon`, `sort_value`, `status`, `version`, `deleted`, `create_time`, `update_time`) VALUES (2, 0, '', 'system', 0, 'system', 'Layout', 'system', 'el-icon-s-tools', 2, 1, 1, 0, '2021-05-31 18:05:37', '2023-04-30 12:03:54');
INSERT INTO `sys_menu` (`id`, `parent_id`, `title`, `subtitle`, `type`, `path`, `component`, `auth`, `icon`, `sort_value`, `status`, `version`, `deleted`, `create_time`, `update_time`) VALUES (3, 2, '', 'user', 1, 'sysUser', 'system/sysUser/list', 'system_user', 'el-icon-s-custom', 1, 1, 1, 0, '2021-05-31 18:05:37', '2023-04-30 12:03:46');
INSERT INTO `sys_menu` (`id`, `parent_id`, `title`, `subtitle`, `type`, `path`, `component`, `auth`, `icon`, `sort_value`, `status`, `version`, `deleted`, `create_time`, `update_time`) VALUES (4, 2, '', 'role', 1, 'sysRole', 'system/sysRole/list', 'system_role', 'el-icon-user-solid', 2, 1, 1, 0, '2021-05-31 18:05:37', '2023-04-30 12:03:48');
INSERT INTO `sys_menu` (`id`, `parent_id`, `title`, `subtitle`, `type`, `path`, `component`, `auth`, `icon`, `sort_value`, `status`, `version`, `deleted`, `create_time`, `update_time`) VALUES (5, 2, '', 'menu', 1, 'sysMenu', 'system/sysMenu/list', 'system_menu', 'el-icon-s-unfold', 3, 1, 1, 0, '2021-05-31 18:05:37', '2023-04-30 12:03:49');
INSERT INTO `sys_menu` (`id`, `parent_id`, `title`, `subtitle`, `type`, `path`, `component`, `auth`, `icon`, `sort_value`, `status`, `version`, `deleted`, `create_time`, `update_time`) VALUES (6, 3, '', NULL, 2, NULL, NULL, 'system_user_list', NULL, 1, 1, 1, 0, '2021-05-31 18:05:37', '2023-04-09 13:57:56');
INSERT INTO `sys_menu` (`id`, `parent_id`, `title`, `subtitle`, `type`, `path`, `component`, `auth`, `icon`, `sort_value`, `status`, `version`, `deleted`, `create_time`, `update_time`) VALUES (7, 3, '', NULL, 2, NULL, NULL, 'system_user_add', NULL, 1, 1, 1, 0, '2021-05-31 18:05:37', '2023-04-09 13:57:56');
INSERT INTO `sys_menu` (`id`, `parent_id`, `title`, `subtitle`, `type`, `path`, `component`, `auth`, `icon`, `sort_value`, `status`, `version`, `deleted`, `create_time`, `update_time`) VALUES (8, 3, '', NULL, 2, NULL, NULL, 'system_user_update', NULL, 1, 1, 1, 0, '2021-05-31 18:05:37', '2023-04-09 13:57:56');
INSERT INTO `sys_menu` (`id`, `parent_id`, `title`, `subtitle`, `type`, `path`, `component`, `auth`, `icon`, `sort_value`, `status`, `version`, `deleted`, `create_time`, `update_time`) VALUES (9, 3, '', NULL, 2, NULL, NULL, 'system_user_remove', NULL, 1, 1, 1, 0, '2021-05-31 18:05:37', '2023-04-09 13:57:56');
INSERT INTO `sys_menu` (`id`, `parent_id`, `title`, `subtitle`, `type`, `path`, `component`, `auth`, `icon`, `sort_value`, `status`, `version`, `deleted`, `create_time`, `update_time`) VALUES (10, 4, '', NULL, 2, NULL, NULL, 'system_role_list', NULL, 1, 1, 1, 0, '2021-05-31 18:05:37', '2023-04-10 21:10:22');
INSERT INTO `sys_menu` (`id`, `parent_id`, `title`, `subtitle`, `type`, `path`, `component`, `auth`, `icon`, `sort_value`, `status`, `version`, `deleted`, `create_time`, `update_time`) VALUES (11, 4, '', NULL, 2, NULL, NULL, 'system_role_add', NULL, 1, 1, 1, 0, '2021-05-31 18:05:37', '2023-04-09 13:57:56');
INSERT INTO `sys_menu` (`id`, `parent_id`, `title`, `subtitle`, `type`, `path`, `component`, `auth`, `icon`, `sort_value`, `status`, `version`, `deleted`, `create_time`, `update_time`) VALUES (12, 4, '', NULL, 2, NULL, NULL, 'system_role_update', NULL, 1, 1, 1, 0, '2021-05-31 18:05:37', '2023-04-09 13:57:56');
INSERT INTO `sys_menu` (`id`, `parent_id`, `title`, `subtitle`, `type`, `path`, `component`, `auth`, `icon`, `sort_value`, `status`, `version`, `deleted`, `create_time`, `update_time`) VALUES (13, 4, '', NULL, 2, NULL, NULL, 'system_role_remove', NULL, 1, 1, 1, 0, '2021-05-31 18:05:37', '2023-04-09 13:57:56');
INSERT INTO `sys_menu` (`id`, `parent_id`, `title`, `subtitle`, `type`, `path`, `component`, `auth`, `icon`, `sort_value`, `status`, `version`, `deleted`, `create_time`, `update_time`) VALUES (14, 5, '', NULL, 2, NULL, NULL, 'system_menu_list', NULL, 1, 1, 1, 0, '2021-05-31 18:05:37', '2023-04-09 18:48:12');
INSERT INTO `sys_menu` (`id`, `parent_id`, `title`, `subtitle`, `type`, `path`, `component`, `auth`, `icon`, `sort_value`, `status`, `version`, `deleted`, `create_time`, `update_time`) VALUES (15, 5, '', NULL, 2, NULL, NULL, 'system_menu_add', NULL, 1, 1, 1, 0, '2021-05-31 18:05:37', '2023-04-09 18:48:20');
INSERT INTO `sys_menu` (`id`, `parent_id`, `title`, `subtitle`, `type`, `path`, `component`, `auth`, `icon`, `sort_value`, `status`, `version`, `deleted`, `create_time`, `update_time`) VALUES (16, 5, '', NULL, 2, NULL, NULL, 'system_menu_update', NULL, 1, 1, 1, 0, '2021-05-31 18:05:37', '2023-04-09 18:48:27');
INSERT INTO `sys_menu` (`id`, `parent_id`, `title`, `subtitle`, `type`, `path`, `component`, `auth`, `icon`, `sort_value`, `status`, `version`, `deleted`, `create_time`, `update_time`) VALUES (17, 5, '', NULL, 2, NULL, NULL, 'system_menu_remove', NULL, 1, 1, 1, 0, '2021-05-31 18:05:37', '2023-04-09 18:48:47');
INSERT INTO `sys_menu` (`id`, `parent_id`, `title`, `subtitle`, `type`, `path`, `component`, `auth`, `icon`, `sort_value`, `status`, `version`, `deleted`, `create_time`, `update_time`) VALUES (18, 3, '', NULL, 2, NULL, NULL, 'system_user_assign', NULL, 1, 1, 1, 0, '2022-05-23 17:14:32', '2023-04-09 13:57:56');
INSERT INTO `sys_menu` (`id`, `parent_id`, `title`, `subtitle`, `type`, `path`, `component`, `auth`, `icon`, `sort_value`, `status`, `version`, `deleted`, `create_time`, `update_time`) VALUES (19, 4, '', NULL, 2, NULL, NULL, 'system_menu_assign', NULL, 1, 1, 1, 0, '2022-05-23 17:18:14', '2023-04-09 13:57:56');
INSERT INTO `sys_menu` (`id`, `parent_id`, `title`, `subtitle`, `type`, `path`, `component`, `auth`, `icon`, `sort_value`, `status`, `version`, `deleted`, `create_time`, `update_time`) VALUES (20, 2, '', 'department', 1, 'sysDept', 'system/sysDept/list', 'system_department', 'el-icon-s-operation', 4, 1, 1, 0, '2022-05-24 10:07:05', '2023-04-09 13:57:56');
INSERT INTO `sys_menu` (`id`, `parent_id`, `title`, `subtitle`, `type`, `path`, `component`, `auth`, `icon`, `sort_value`, `status`, `version`, `deleted`, `create_time`, `update_time`) VALUES (21, 20, '', NULL, 2, NULL, NULL, 'bnt.sysDept.list', NULL, 1, 1, 1, 0, '2022-05-24 10:07:44', '2023-04-09 13:57:56');
INSERT INTO `sys_menu` (`id`, `parent_id`, `title`, `subtitle`, `type`, `path`, `component`, `auth`, `icon`, `sort_value`, `status`, `version`, `deleted`, `create_time`, `update_time`) VALUES (22, 2, '', NULL, 1, 'sysPost', 'system/sysPost/list', '', 'el-icon-more-outline', 5, 1, 1, 0, '2022-05-24 10:25:30', '2023-04-09 13:57:56');
INSERT INTO `sys_menu` (`id`, `parent_id`, `title`, `subtitle`, `type`, `path`, `component`, `auth`, `icon`, `sort_value`, `status`, `version`, `deleted`, `create_time`, `update_time`) VALUES (23, 22, '', NULL, 2, NULL, NULL, 'bnt.sysPost.list', NULL, 1, 1, 1, 0, '2022-05-24 10:25:45', '2023-04-09 13:57:56');
INSERT INTO `sys_menu` (`id`, `parent_id`, `title`, `subtitle`, `type`, `path`, `component`, `auth`, `icon`, `sort_value`, `status`, `version`, `deleted`, `create_time`, `update_time`) VALUES (24, 20, '', NULL, 2, NULL, NULL, 'bnt.sysDept.add', NULL, 1, 1, 1, 0, '2022-05-25 15:31:27', '2023-04-09 13:57:56');
INSERT INTO `sys_menu` (`id`, `parent_id`, `title`, `subtitle`, `type`, `path`, `component`, `auth`, `icon`, `sort_value`, `status`, `version`, `deleted`, `create_time`, `update_time`) VALUES (25, 20, '', NULL, 2, NULL, NULL, 'bnt.sysDept.update', NULL, 1, 1, 1, 0, '2022-05-25 15:31:41', '2023-04-09 13:57:56');
INSERT INTO `sys_menu` (`id`, `parent_id`, `title`, `subtitle`, `type`, `path`, `component`, `auth`, `icon`, `sort_value`, `status`, `version`, `deleted`, `create_time`, `update_time`) VALUES (26, 20, '', NULL, 2, NULL, NULL, 'bnt.sysDept.remove', NULL, 1, 1, 1, 0, '2022-05-25 15:31:59', '2023-04-09 13:57:56');
INSERT INTO `sys_menu` (`id`, `parent_id`, `title`, `subtitle`, `type`, `path`, `component`, `auth`, `icon`, `sort_value`, `status`, `version`, `deleted`, `create_time`, `update_time`) VALUES (27, 22, '', NULL, 2, NULL, NULL, 'bnt.sysPost.add', NULL, 1, 1, 1, 0, '2022-05-25 15:32:44', '2023-04-09 13:57:56');
INSERT INTO `sys_menu` (`id`, `parent_id`, `title`, `subtitle`, `type`, `path`, `component`, `auth`, `icon`, `sort_value`, `status`, `version`, `deleted`, `create_time`, `update_time`) VALUES (28, 22, '', NULL, 2, NULL, NULL, 'bnt.sysPost.update', NULL, 1, 1, 1, 0, '2022-05-25 15:32:58', '2023-04-09 13:57:56');
INSERT INTO `sys_menu` (`id`, `parent_id`, `title`, `subtitle`, `type`, `path`, `component`, `auth`, `icon`, `sort_value`, `status`, `version`, `deleted`, `create_time`, `update_time`) VALUES (29, 22, '', NULL, 2, NULL, NULL, 'bnt.sysPost.remove', NULL, 1, 1, 1, 0, '2022-05-25 15:33:11', '2023-04-09 13:57:56');
INSERT INTO `sys_menu` (`id`, `parent_id`, `title`, `subtitle`, `type`, `path`, `component`, `auth`, `icon`, `sort_value`, `status`, `version`, `deleted`, `create_time`, `update_time`) VALUES (30, 34, '', NULL, 1, 'sysOperLog', NULL, '', 'el-icon-document-remove', 7, 1, 1, 0, '2022-05-26 16:09:59', '2023-04-28 20:01:58');
INSERT INTO `sys_menu` (`id`, `parent_id`, `title`, `subtitle`, `type`, `path`, `component`, `auth`, `icon`, `sort_value`, `status`, `version`, `deleted`, `create_time`, `update_time`) VALUES (31, 30, '', NULL, 2, NULL, NULL, 'bnt.sysOperLog.list', NULL, 1, 1, 1, 0, '2022-05-26 16:10:17', '2023-04-09 13:57:56');
INSERT INTO `sys_menu` (`id`, `parent_id`, `title`, `subtitle`, `type`, `path`, `component`, `auth`, `icon`, `sort_value`, `status`, `version`, `deleted`, `create_time`, `update_time`) VALUES (32, 34, '', NULL, 1, 'sysLoginLog', NULL, '', 'el-icon-s-goods', 8, 1, 1, 0, '2022-05-26 16:36:13', '2023-04-28 20:01:58');
INSERT INTO `sys_menu` (`id`, `parent_id`, `title`, `subtitle`, `type`, `path`, `component`, `auth`, `icon`, `sort_value`, `status`, `version`, `deleted`, `create_time`, `update_time`) VALUES (33, 32, '', NULL, 2, NULL, NULL, 'bnt.sysLoginLog.list', NULL, 1, 1, 1, 0, '2022-05-26 16:36:31', '2023-04-09 13:57:56');
INSERT INTO `sys_menu` (`id`, `parent_id`, `title`, `subtitle`, `type`, `path`, `component`, `auth`, `icon`, `sort_value`, `status`, `version`, `deleted`, `create_time`, `update_time`) VALUES (34, 2, '', NULL, 0, 'log', NULL, '', 'el-icon-tickets', 6, 1, 1, 0, '2022-05-31 13:23:07', '2023-04-28 20:01:58');
INSERT INTO `sys_menu` (`id`, `parent_id`, `title`, `subtitle`, `type`, `path`, `component`, `auth`, `icon`, `sort_value`, `status`, `version`, `deleted`, `create_time`, `update_time`) VALUES (35, 0, '', 'approval', 0, 'processSet', NULL, 'processSet', 'el-icon-setting', 1, 1, 1, 0, '2022-12-01 09:32:46', '2023-04-28 20:01:58');
INSERT INTO `sys_menu` (`id`, `parent_id`, `title`, `subtitle`, `type`, `path`, `component`, `auth`, `icon`, `sort_value`, `status`, `version`, `deleted`, `create_time`, `update_time`) VALUES (36, 35, '', NULL, 1, 'processTemplate', NULL, 'process_template', 'el-icon-s-help', 2, 1, 1, 0, '2022-12-01 09:37:08', '2023-04-28 20:01:58');
INSERT INTO `sys_menu` (`id`, `parent_id`, `title`, `subtitle`, `type`, `path`, `component`, `auth`, `icon`, `sort_value`, `status`, `version`, `deleted`, `create_time`, `update_time`) VALUES (37, 36, '', NULL, 2, '', NULL, 'process_template_list', '', 1, 1, 1, 0, '2022-12-01 09:37:49', '2023-04-28 20:01:58');
INSERT INTO `sys_menu` (`id`, `parent_id`, `title`, `subtitle`, `type`, `path`, `component`, `auth`, `icon`, `sort_value`, `status`, `version`, `deleted`, `create_time`, `update_time`) VALUES (38, 36, '', NULL, 2, 'templateSet', NULL, 'process_template_set', '', 1, 1, 1, 0, '2022-12-01 14:52:08', '2023-04-28 20:01:58');
INSERT INTO `sys_menu` (`id`, `parent_id`, `title`, `subtitle`, `type`, `path`, `component`, `auth`, `icon`, `sort_value`, `status`, `version`, `deleted`, `create_time`, `update_time`) VALUES (39, 35, '', NULL, 1, 'processType', NULL, 'process_type', 'el-icon-s-unfold', 1, 1, 1, 0, '2022-12-02 14:46:18', '2023-04-28 20:01:58');
INSERT INTO `sys_menu` (`id`, `parent_id`, `title`, `subtitle`, `type`, `path`, `component`, `auth`, `icon`, `sort_value`, `status`, `version`, `deleted`, `create_time`, `update_time`) VALUES (40, 39, '', NULL, 2, '', NULL, 'process_type_list', '', 1, 1, 1, 0, '2022-12-02 14:46:41', '2023-04-28 20:01:58');
INSERT INTO `sys_menu` (`id`, `parent_id`, `title`, `subtitle`, `type`, `path`, `component`, `auth`, `icon`, `sort_value`, `status`, `version`, `deleted`, `create_time`, `update_time`) VALUES (41, 0, '', NULL, 0, 'processMgt', NULL, 'processMgt', 'el-icon-more-outline', 1, 1, 1, 0, '2022-12-02 14:48:11', '2023-04-28 20:01:58');
INSERT INTO `sys_menu` (`id`, `parent_id`, `title`, `subtitle`, `type`, `path`, `component`, `auth`, `icon`, `sort_value`, `status`, `version`, `deleted`, `create_time`, `update_time`) VALUES (42, 41, '', NULL, 1, 'process', NULL, 'process', 'el-icon-document-remove', 1, 1, 1, 0, '2022-12-02 14:49:06', '2023-04-28 20:11:52');
INSERT INTO `sys_menu` (`id`, `parent_id`, `title`, `subtitle`, `type`, `path`, `component`, `auth`, `icon`, `sort_value`, `status`, `version`, `deleted`, `create_time`, `update_time`) VALUES (43, 42, '', NULL, 2, '', NULL, 'process_list', '', 1, 1, 1, 0, '2022-12-02 14:49:24', '2023-04-28 20:01:58');
INSERT INTO `sys_menu` (`id`, `parent_id`, `title`, `subtitle`, `type`, `path`, `component`, `auth`, `icon`, `sort_value`, `status`, `version`, `deleted`, `create_time`, `update_time`) VALUES (45, 39, '', NULL, 2, '', '', 'process_type_add', '', 1, 1, 1, 0, '2022-12-09 09:14:53', '2023-04-12 19:52:18');
INSERT INTO `sys_menu` (`id`, `parent_id`, `title`, `subtitle`, `type`, `path`, `component`, `auth`, `icon`, `sort_value`, `status`, `version`, `deleted`, `create_time`, `update_time`) VALUES (46, 39, '', NULL, 2, '', '', 'process_type_update', '', 1, 1, 1, 0, '2022-12-09 09:15:10', '2023-04-12 19:51:42');
INSERT INTO `sys_menu` (`id`, `parent_id`, `title`, `subtitle`, `type`, `path`, `component`, `auth`, `icon`, `sort_value`, `status`, `version`, `deleted`, `create_time`, `update_time`) VALUES (47, 39, '', NULL, 2, '', '', 'process_type_remove', '', 1, 1, 1, 0, '2022-12-09 09:15:25', '2023-04-12 19:51:53');
INSERT INTO `sys_menu` (`id`, `parent_id`, `title`, `subtitle`, `type`, `path`, `component`, `auth`, `icon`, `sort_value`, `status`, `version`, `deleted`, `create_time`, `update_time`) VALUES (48, 36, '', NULL, 2, '', '', 'process_template_remove', '', 1, 1, 1, 0, '2022-12-09 09:22:29', '2023-04-27 13:15:15');
INSERT INTO `sys_menu` (`id`, `parent_id`, `title`, `subtitle`, `type`, `path`, `component`, `auth`, `icon`, `sort_value`, `status`, `version`, `deleted`, `create_time`, `update_time`) VALUES (49, 36, '', NULL, 2, '', '', 'process_template_publish', '', 1, 1, 1, 0, '2022-12-09 09:24:47', '2023-04-27 13:15:28');
INSERT INTO `sys_menu` (`id`, `parent_id`, `title`, `subtitle`, `type`, `path`, `component`, `auth`, `icon`, `sort_value`, `status`, `version`, `deleted`, `create_time`, `update_time`) VALUES (50, 0, '', NULL, 0, 'wechat', 'Layout', 'wechat', 'el-icon-s-operation', 1, 1, 1, 0, '2022-12-13 09:06:58', '2023-05-04 14:46:27');
INSERT INTO `sys_menu` (`id`, `parent_id`, `title`, `subtitle`, `type`, `path`, `component`, `auth`, `icon`, `sort_value`, `status`, `version`, `deleted`, `create_time`, `update_time`) VALUES (51, 50, '', NULL, 1, 'menu', 'wechat/menu/list', 'wechat_menu', 'el-icon-s-help', 1, 1, 1, 0, '2022-12-13 09:07:52', '2023-05-04 14:46:23');
INSERT INTO `sys_menu` (`id`, `parent_id`, `title`, `subtitle`, `type`, `path`, `component`, `auth`, `icon`, `sort_value`, `status`, `version`, `deleted`, `create_time`, `update_time`) VALUES (52, 51, '', NULL, 2, '', '', 'wechat_menu_list', '', 1, 1, 1, 0, '2022-12-13 09:08:48', '2023-05-04 14:46:38');
INSERT INTO `sys_menu` (`id`, `parent_id`, `title`, `subtitle`, `type`, `path`, `component`, `auth`, `icon`, `sort_value`, `status`, `version`, `deleted`, `create_time`, `update_time`) VALUES (53, 51, '', NULL, 2, '', '', 'wechat_menu_add', '', 1, 1, 1, 0, '2022-12-13 16:29:25', '2023-05-04 14:46:46');
INSERT INTO `sys_menu` (`id`, `parent_id`, `title`, `subtitle`, `type`, `path`, `component`, `auth`, `icon`, `sort_value`, `status`, `version`, `deleted`, `create_time`, `update_time`) VALUES (54, 51, '', NULL, 2, '', '', 'wechat_menu_update', '', 1, 1, 1, 0, '2022-12-13 16:29:41', '2023-05-04 14:46:53');
INSERT INTO `sys_menu` (`id`, `parent_id`, `title`, `subtitle`, `type`, `path`, `component`, `auth`, `icon`, `sort_value`, `status`, `version`, `deleted`, `create_time`, `update_time`) VALUES (55, 51, '', NULL, 2, '', '', 'wechat_menu_remove', '', 1, 1, 1, 0, '2022-12-13 16:29:59', '2023-05-04 14:46:55');
INSERT INTO `sys_menu` (`id`, `parent_id`, `title`, `subtitle`, `type`, `path`, `component`, `auth`, `icon`, `sort_value`, `status`, `version`, `deleted`, `create_time`, `update_time`) VALUES (56, 51, '', NULL, 2, '', '', 'wechat_menu_delete', '', 1, 1, 1, 0, '2022-12-13 16:30:36', '2023-05-04 17:27:38');
INSERT INTO `sys_menu` (`id`, `parent_id`, `title`, `subtitle`, `type`, `path`, `component`, `auth`, `icon`, `sort_value`, `status`, `version`, `deleted`, `create_time`, `update_time`) VALUES (57, 51, '', NULL, 2, '', '', 'wechat_menu_sync', '', 1, 1, 1, 0, '2022-12-13 16:31:00', '2023-05-04 16:52:48');
INSERT INTO `sys_menu` (`id`, `parent_id`, `title`, `subtitle`, `type`, `path`, `component`, `auth`, `icon`, `sort_value`, `status`, `version`, `deleted`, `create_time`, `update_time`) VALUES (58, 0, 'Dashboard', NULL, 0, '/', NULL, 'dashborad', NULL, 1, 1, 1, 0, '2023-04-30 12:02:43', '2023-05-02 15:00:35');
INSERT INTO `sys_menu` (`id`, `parent_id`, `title`, `subtitle`, `type`, `path`, `component`, `auth`, `icon`, `sort_value`, `status`, `version`, `deleted`, `create_time`, `update_time`) VALUES (59, 58, '', NULL, 1, '/dashboard/console', NULL, 'dashboard_console', NULL, 1, 1, 1, 0, '2023-04-30 12:05:03', '2023-04-30 12:10:42');
INSERT INTO `sys_menu` (`id`, `parent_id`, `title`, `subtitle`, `type`, `path`, `component`, `auth`, `icon`, `sort_value`, `status`, `version`, `deleted`, `create_time`, `update_time`) VALUES (60, 58, '', NULL, 1, '/dashboard/workplace', NULL, 'dashboard_workplace', NULL, 2, 1, 1, 0, '2023-04-30 12:05:48', '2023-04-30 12:10:42');
INSERT INTO `sys_menu` (`id`, `parent_id`, `title`, `subtitle`, `type`, `path`, `component`, `auth`, `icon`, `sort_value`, `status`, `version`, `deleted`, `create_time`, `update_time`) VALUES (61, 59, '', NULL, 2, NULL, NULL, 'dashboard_console_list', NULL, 1, 1, 1, 0, '2023-04-30 12:11:00', '2023-04-30 12:11:54');
INSERT INTO `sys_menu` (`id`, `parent_id`, `title`, `subtitle`, `type`, `path`, `component`, `auth`, `icon`, `sort_value`, `status`, `version`, `deleted`, `create_time`, `update_time`) VALUES (62, 60, '', NULL, 2, NULL, NULL, 'dashboard_workplace_list', NULL, 1, 1, 1, 0, '2023-04-30 12:11:25', '2023-04-30 12:11:54');
COMMIT;

-- ----------------------------
-- Table structure for sys_role
-- ----------------------------
DROP TABLE IF EXISTS `sys_role`;
CREATE TABLE `sys_role` (
  `id` bigint NOT NULL AUTO_INCREMENT COMMENT 'id',
  `role_name` varchar(20) CHARACTER SET utf8mb3 COLLATE utf8mb3_general_ci NOT NULL DEFAULT '' COMMENT '',
  `role_code` varchar(20) CHARACTER SET utf8mb3 COLLATE utf8mb3_general_ci DEFAULT NULL COMMENT '',
  `description` varchar(255) CHARACTER SET utf8mb3 COLLATE utf8mb3_general_ci DEFAULT NULL COMMENT '',
  `version` int DEFAULT '1' COMMENT '',
  `deleted` tinyint NOT NULL DEFAULT '0' COMMENT '1: 0:',
  `create_time` timestamp NOT NULL DEFAULT CURRENT_TIMESTAMP COMMENT '',
  `update_time` timestamp NOT NULL DEFAULT CURRENT_TIMESTAMP ON UPDATE CURRENT_TIMESTAMP COMMENT '',
  PRIMARY KEY (`id`) USING BTREE
) ENGINE=InnoDB AUTO_INCREMENT=13 DEFAULT CHARSET=utf8mb3 ROW_FORMAT=DYNAMIC COMMENT='';

-- ----------------------------
-- Records of sys_role
-- ----------------------------
BEGIN;
INSERT INTO `sys_role` (`id`, `role_name`, `role_code`, `description`, `version`, `deleted`, `create_time`, `update_time`) VALUES (9, '', 'admin', '', 1, 0, '2023-03-03 16:33:39', '2023-04-09 13:59:34');
INSERT INTO `sys_role` (`id`, `role_name`, `role_code`, `description`, `version`, `deleted`, `create_time`, `update_time`) VALUES (10, 'swcode', 'swcode', 'swcode', 1, 0, '2023-03-03 21:50:56', '2023-04-09 14:00:07');
INSERT INTO `sys_role` (`id`, `role_name`, `role_code`, `description`, `version`, `deleted`, `create_time`, `update_time`) VALUES (11, '1', 'test1', NULL, 1, 0, '2023-03-24 14:30:20', '2023-04-09 14:00:07');
INSERT INTO `sys_role` (`id`, `role_name`, `role_code`, `description`, `version`, `deleted`, `create_time`, `update_time`) VALUES (12, '2', 'test2', NULL, 1, 0, '2023-03-24 14:34:15', '2023-04-09 14:02:10');
COMMIT;

-- ----------------------------
-- Table structure for sys_role_menu
-- ----------------------------
DROP TABLE IF EXISTS `sys_role_menu`;
CREATE TABLE `sys_role_menu` (
  `id` bigint NOT NULL AUTO_INCREMENT,
  `role_id` bigint NOT NULL DEFAULT '0',
  `menu_id` bigint NOT NULL DEFAULT '0',
  `version` int DEFAULT '1' COMMENT '',
  `deleted` tinyint DEFAULT '0' COMMENT '1: 0:',
  `create_time` timestamp NOT NULL DEFAULT CURRENT_TIMESTAMP COMMENT '',
  `update_time` timestamp NOT NULL DEFAULT CURRENT_TIMESTAMP ON UPDATE CURRENT_TIMESTAMP COMMENT '',
  PRIMARY KEY (`id`),
  KEY `idx_role_id` (`role_id`),
  KEY `idx_menu_id` (`menu_id`)
) ENGINE=InnoDB AUTO_INCREMENT=260 DEFAULT CHARSET=utf8mb4 COLLATE=utf8mb4_general_ci COMMENT='';

-- ----------------------------
-- Records of sys_role_menu
-- ----------------------------
BEGIN;
INSERT INTO `sys_role_menu` (`id`, `role_id`, `menu_id`, `version`, `deleted`, `create_time`, `update_time`) VALUES (217, 9, 6, 1, 0, '2023-04-09 13:50:12', '2023-04-09 13:59:02');
INSERT INTO `sys_role_menu` (`id`, `role_id`, `menu_id`, `version`, `deleted`, `create_time`, `update_time`) VALUES (218, 9, 7, 1, 0, '2023-04-09 13:50:12', '2023-04-09 13:59:02');
INSERT INTO `sys_role_menu` (`id`, `role_id`, `menu_id`, `version`, `deleted`, `create_time`, `update_time`) VALUES (219, 9, 8, 1, 0, '2023-04-09 13:50:12', '2023-04-09 13:59:02');
INSERT INTO `sys_role_menu` (`id`, `role_id`, `menu_id`, `version`, `deleted`, `create_time`, `update_time`) VALUES (220, 9, 14, 1, 0, '2023-04-09 13:50:12', '2023-04-09 13:59:02');
INSERT INTO `sys_role_menu` (`id`, `role_id`, `menu_id`, `version`, `deleted`, `create_time`, `update_time`) VALUES (221, 9, 10, 1, 0, '2023-04-09 13:50:12', '2023-04-09 13:59:02');
INSERT INTO `sys_role_menu` (`id`, `role_id`, `menu_id`, `version`, `deleted`, `create_time`, `update_time`) VALUES (222, 9, 11, 1, 0, '2023-04-09 13:50:12', '2023-04-09 14:12:49');
INSERT INTO `sys_role_menu` (`id`, `role_id`, `menu_id`, `version`, `deleted`, `create_time`, `update_time`) VALUES (223, 9, 12, 1, 0, '2023-04-09 13:50:12', '2023-04-09 13:59:02');
INSERT INTO `sys_role_menu` (`id`, `role_id`, `menu_id`, `version`, `deleted`, `create_time`, `update_time`) VALUES (224, 9, 13, 1, 0, '2023-04-09 13:50:12', '2023-04-09 13:59:02');
INSERT INTO `sys_role_menu` (`id`, `role_id`, `menu_id`, `version`, `deleted`, `create_time`, `update_time`) VALUES (225, 9, 19, 1, 0, '2023-04-09 13:50:12', '2023-04-09 13:59:02');
INSERT INTO `sys_role_menu` (`id`, `role_id`, `menu_id`, `version`, `deleted`, `create_time`, `update_time`) VALUES (226, 9, 4, 1, 0, '2023-04-09 13:50:12', '2023-04-09 13:59:02');
INSERT INTO `sys_role_menu` (`id`, `role_id`, `menu_id`, `version`, `deleted`, `create_time`, `update_time`) VALUES (227, 9, 9, 1, 0, '2023-04-09 13:50:12', '2023-04-09 13:59:02');
INSERT INTO `sys_role_menu` (`id`, `role_id`, `menu_id`, `version`, `deleted`, `create_time`, `update_time`) VALUES (228, 9, 18, 1, 0, '2023-04-09 13:50:12', '2023-04-09 13:59:02');
INSERT INTO `sys_role_menu` (`id`, `role_id`, `menu_id`, `version`, `deleted`, `create_time`, `update_time`) VALUES (229, 9, 3, 1, 0, '2023-04-09 13:50:12', '2023-04-09 13:59:02');
INSERT INTO `sys_role_menu` (`id`, `role_id`, `menu_id`, `version`, `deleted`, `create_time`, `update_time`) VALUES (230, 9, 5, 1, 0, '2023-04-09 13:50:12', '2023-04-09 13:59:02');
INSERT INTO `sys_role_menu` (`id`, `role_id`, `menu_id`, `version`, `deleted`, `create_time`, `update_time`) VALUES (231, 9, 2, 1, 0, '2023-04-09 13:50:12', '2023-04-09 13:59:02');
INSERT INTO `sys_role_menu` (`id`, `role_id`, `menu_id`, `version`, `deleted`, `create_time`, `update_time`) VALUES (232, 9, 17, 1, 0, '2023-04-09 14:26:39', '2023-04-09 14:26:39');
INSERT INTO `sys_role_menu` (`id`, `role_id`, `menu_id`, `version`, `deleted`, `create_time`, `update_time`) VALUES (233, 9, 35, 1, 0, '2023-04-12 19:48:08', '2023-04-12 19:48:08');
INSERT INTO `sys_role_menu` (`id`, `role_id`, `menu_id`, `version`, `deleted`, `create_time`, `update_time`) VALUES (234, 9, 36, 1, 0, '2023-04-12 19:48:39', '2023-04-12 19:48:39');
INSERT INTO `sys_role_menu` (`id`, `role_id`, `menu_id`, `version`, `deleted`, `create_time`, `update_time`) VALUES (235, 9, 39, 1, 0, '2023-04-12 19:49:16', '2023-04-28 20:13:45');
INSERT INTO `sys_role_menu` (`id`, `role_id`, `menu_id`, `version`, `deleted`, `create_time`, `update_time`) VALUES (236, 9, 45, 1, 0, '2023-04-12 19:50:11', '2023-04-12 19:50:24');
INSERT INTO `sys_role_menu` (`id`, `role_id`, `menu_id`, `version`, `deleted`, `create_time`, `update_time`) VALUES (237, 9, 46, 1, 0, '2023-04-12 19:50:16', '2023-04-12 19:50:24');
INSERT INTO `sys_role_menu` (`id`, `role_id`, `menu_id`, `version`, `deleted`, `create_time`, `update_time`) VALUES (238, 9, 47, 1, 0, '2023-04-12 19:50:21', '2023-04-12 19:50:24');
INSERT INTO `sys_role_menu` (`id`, `role_id`, `menu_id`, `version`, `deleted`, `create_time`, `update_time`) VALUES (239, 9, 40, 1, 0, '2023-04-12 19:50:45', '2023-04-12 19:50:50');
INSERT INTO `sys_role_menu` (`id`, `role_id`, `menu_id`, `version`, `deleted`, `create_time`, `update_time`) VALUES (240, 9, 37, 1, 0, '2023-04-13 16:27:27', '2023-04-13 16:27:27');
INSERT INTO `sys_role_menu` (`id`, `role_id`, `menu_id`, `version`, `deleted`, `create_time`, `update_time`) VALUES (241, 9, 38, 1, 0, '2023-04-13 17:13:02', '2023-04-13 17:13:04');
INSERT INTO `sys_role_menu` (`id`, `role_id`, `menu_id`, `version`, `deleted`, `create_time`, `update_time`) VALUES (242, 9, 48, 1, 0, '2023-04-27 13:16:39', '2023-04-27 13:16:39');
INSERT INTO `sys_role_menu` (`id`, `role_id`, `menu_id`, `version`, `deleted`, `create_time`, `update_time`) VALUES (243, 9, 49, 1, 0, '2023-04-27 13:16:48', '2023-04-27 13:16:48');
INSERT INTO `sys_role_menu` (`id`, `role_id`, `menu_id`, `version`, `deleted`, `create_time`, `update_time`) VALUES (244, 9, 41, 1, 0, '2023-04-28 20:02:37', '2023-04-28 20:02:37');
INSERT INTO `sys_role_menu` (`id`, `role_id`, `menu_id`, `version`, `deleted`, `create_time`, `update_time`) VALUES (245, 9, 42, 1, 0, '2023-04-28 20:02:51', '2023-04-28 20:02:51');
INSERT INTO `sys_role_menu` (`id`, `role_id`, `menu_id`, `version`, `deleted`, `create_time`, `update_time`) VALUES (246, 9, 43, 1, 0, '2023-04-28 20:22:15', '2023-04-28 20:22:18');
INSERT INTO `sys_role_menu` (`id`, `role_id`, `menu_id`, `version`, `deleted`, `create_time`, `update_time`) VALUES (247, 9, 58, 1, 0, '2023-04-30 12:06:03', '2023-04-30 12:06:03');
INSERT INTO `sys_role_menu` (`id`, `role_id`, `menu_id`, `version`, `deleted`, `create_time`, `update_time`) VALUES (248, 9, 59, 1, 0, '2023-04-30 12:06:08', '2023-04-30 12:06:08');
INSERT INTO `sys_role_menu` (`id`, `role_id`, `menu_id`, `version`, `deleted`, `create_time`, `update_time`) VALUES (249, 9, 60, 1, 0, '2023-04-30 12:06:16', '2023-04-30 12:06:16');
INSERT INTO `sys_role_menu` (`id`, `role_id`, `menu_id`, `version`, `deleted`, `create_time`, `update_time`) VALUES (250, 9, 61, 1, 0, '2023-04-30 12:12:07', '2023-04-30 12:12:07');
INSERT INTO `sys_role_menu` (`id`, `role_id`, `menu_id`, `version`, `deleted`, `create_time`, `update_time`) VALUES (251, 9, 62, 1, 0, '2023-04-30 12:12:16', '2023-04-30 12:12:16');
INSERT INTO `sys_role_menu` (`id`, `role_id`, `menu_id`, `version`, `deleted`, `create_time`, `update_time`) VALUES (252, 9, 50, 1, 0, '2023-05-04 14:53:42', '2023-05-04 14:54:13');
INSERT INTO `sys_role_menu` (`id`, `role_id`, `menu_id`, `version`, `deleted`, `create_time`, `update_time`) VALUES (253, 9, 51, 1, 0, '2023-05-04 14:53:47', '2023-05-04 14:54:13');
INSERT INTO `sys_role_menu` (`id`, `role_id`, `menu_id`, `version`, `deleted`, `create_time`, `update_time`) VALUES (254, 9, 52, 1, 0, '2023-05-04 14:53:51', '2023-05-04 14:54:13');
INSERT INTO `sys_role_menu` (`id`, `role_id`, `menu_id`, `version`, `deleted`, `create_time`, `update_time`) VALUES (255, 9, 53, 1, 0, '2023-05-04 14:53:55', '2023-05-04 14:54:13');
INSERT INTO `sys_role_menu` (`id`, `role_id`, `menu_id`, `version`, `deleted`, `create_time`, `update_time`) VALUES (256, 9, 54, 1, 0, '2023-05-04 14:53:58', '2023-05-04 14:54:13');
INSERT INTO `sys_role_menu` (`id`, `role_id`, `menu_id`, `version`, `deleted`, `create_time`, `update_time`) VALUES (257, 9, 55, 1, 0, '2023-05-04 14:54:09', '2023-05-04 14:54:13');
INSERT INTO `sys_role_menu` (`id`, `role_id`, `menu_id`, `version`, `deleted`, `create_time`, `update_time`) VALUES (258, 9, 56, 1, 0, '2023-05-04 16:52:56', '2023-05-04 16:53:02');
INSERT INTO `sys_role_menu` (`id`, `role_id`, `menu_id`, `version`, `deleted`, `create_time`, `update_time`) VALUES (259, 9, 57, 1, 0, '2023-05-04 16:52:59', '2023-05-04 16:53:02');
COMMIT;

-- ----------------------------
-- Table structure for sys_user
-- ----------------------------
DROP TABLE IF EXISTS `sys_user`;
CREATE TABLE `sys_user` (
  `id` bigint NOT NULL AUTO_INCREMENT COMMENT 'id',
  `username` varchar(20) COLLATE utf8mb4_general_ci NOT NULL DEFAULT '' COMMENT '',
  `password` varchar(32) COLLATE utf8mb4_general_ci NOT NULL DEFAULT '' COMMENT '',
  `name` varchar(50) COLLATE utf8mb4_general_ci DEFAULT NULL COMMENT '',
  `phone` varchar(11) COLLATE utf8mb4_general_ci DEFAULT NULL COMMENT '',
  `avatar` varchar(200) COLLATE utf8mb4_general_ci DEFAULT NULL COMMENT '',
  `dept_id` bigint DEFAULT NULL COMMENT 'id',
  `post_id` bigint DEFAULT NULL COMMENT 'id',
  `open_id` varchar(255) COLLATE utf8mb4_general_ci DEFAULT NULL COMMENT 'openid',
  `description` varchar(255) COLLATE utf8mb4_general_ci DEFAULT NULL COMMENT '',
  `status` tinyint DEFAULT '1' COMMENT '1:0:',
  `version` int DEFAULT '1' COMMENT '',
  `deleted` tinyint DEFAULT '0' COMMENT '1: 0:',
  `create_time` timestamp NOT NULL DEFAULT CURRENT_TIMESTAMP COMMENT '',
  `update_time` timestamp NOT NULL DEFAULT CURRENT_TIMESTAMP ON UPDATE CURRENT_TIMESTAMP COMMENT '',
  PRIMARY KEY (`id`),
  UNIQUE KEY `idx_username` (`username`)
) ENGINE=InnoDB AUTO_INCREMENT=16 DEFAULT CHARSET=utf8mb4 COLLATE=utf8mb4_general_ci COMMENT='';

-- ----------------------------
-- Records of sys_user
-- ----------------------------
BEGIN;
INSERT INTO `sys_user` (`id`, `username`, `password`, `name`, `phone`, `avatar`, `dept_id`, `post_id`, `open_id`, `description`, `status`, `version`, `deleted`, `create_time`, `update_time`) VALUES (1, 'admin', 'e10adc3949ba59abbe56e057f20f883e', 'admin', '15000000012', 'https://cdn.staticaly.com/gh/sx-code/tuchuang@master/avatar/1681039052496.png', 1022, NULL, 'ovRYx5gYW2Ml2au5de3wx1w_RhZM', '', 1, 33, 0, '2021-05-31 18:08:43', '2023-05-06 13:58:30');
INSERT INTO `sys_user` (`id`, `username`, `password`, `name`, `phone`, `avatar`, `dept_id`, `post_id`, `open_id`, `description`, `status`, `version`, `deleted`, `create_time`, `update_time`) VALUES (2, 'wjl', '96e79218965eb72c92a549dd5a330112', '', '15000000002', 'http://r61cnlsfq.hn-bkt.clouddn.com/b09b3467-3d99-437a-bd2e-dd8c9be92bb8', 1022, 6, NULL, '', 1, 9, 0, '2022-02-08 10:35:38', '2023-05-06 14:26:10');
INSERT INTO `sys_user` (`id`, `username`, `password`, `name`, `phone`, `avatar`, `dept_id`, `post_id`, `open_id`, `description`, `status`, `version`, `deleted`, `create_time`, `update_time`) VALUES (3, 'lrsjl', '96e79218965eb72c92a549dd5a330112', '', '15000000004', NULL, 2018, 5, 'ovRYx5gB42e8__D41BfZuCzlIWO4', '', 1, 3, 0, '2022-05-24 11:05:40', '2023-05-06 14:37:51');
INSERT INTO `sys_user` (`id`, `username`, `password`, `name`, `phone`, `avatar`, `dept_id`, `post_id`, `open_id`, `description`, `status`, `version`, `deleted`, `create_time`, `update_time`) VALUES (4, 'lisi', '96e79218965eb72c92a549dd5a330112', '', '15000000001', NULL, 1021, 10, 'omwf25izKON9dktgoy0dogqvnGhk', NULL, 1, 1, 0, '2022-12-06 09:32:31', '2023-04-09 13:58:42');
INSERT INTO `sys_user` (`id`, `username`, `password`, `name`, `phone`, `avatar`, `dept_id`, `post_id`, `open_id`, `description`, `status`, `version`, `deleted`, `create_time`, `update_time`) VALUES (5, 'zzjl', '96e79218965eb72c92a549dd5a330112', '', '15000000003', NULL, 10, 8, NULL, '', 1, 1, 0, '2022-12-07 16:47:00', '2023-04-09 13:58:42');
INSERT INTO `sys_user` (`id`, `username`, `password`, `name`, `phone`, `avatar`, `dept_id`, `post_id`, `open_id`, `description`, `status`, `version`, `deleted`, `create_time`, `update_time`) VALUES (6, 'xkfzr', '96e79218965eb72c92a549dd5a330112', '', '15000000005', NULL, 1010, 11, NULL, NULL, 1, 1, 0, '2022-12-14 09:18:12', '2023-04-09 13:58:42');
INSERT INTO `sys_user` (`id`, `username`, `password`, `name`, `phone`, `avatar`, `dept_id`, `post_id`, `open_id`, `description`, `status`, `version`, `deleted`, `create_time`, `update_time`) VALUES (7, 'zhangsan', '96e79218965eb72c92a549dd5a330112', '', '15000000006', NULL, 1021, 10, NULL, NULL, 1, 1, 0, '2022-12-26 11:26:45', '2023-04-09 13:58:42');
INSERT INTO `sys_user` (`id`, `username`, `password`, `name`, `phone`, `avatar`, `dept_id`, `post_id`, `open_id`, `description`, `status`, `version`, `deleted`, `create_time`, `update_time`) VALUES (11, 'zhangsan01', '96e79218965eb72c92a549dd5a330112', '01', '15000000007', NULL, 1021, 10, NULL, NULL, 1, 1, 0, '2022-12-26 11:27:33', '2023-04-09 13:58:42');
INSERT INTO `sys_user` (`id`, `username`, `password`, `name`, `phone`, `avatar`, `dept_id`, `post_id`, `open_id`, `description`, `status`, `version`, `deleted`, `create_time`, `update_time`) VALUES (12, 'zhangsan02', '96e79218965eb72c92a549dd5a330112', '02', '15000000008', NULL, 1021, 10, NULL, NULL, 1, 1, 0, '2022-12-26 11:27:39', '2023-04-09 13:58:42');
INSERT INTO `sys_user` (`id`, `username`, `password`, `name`, `phone`, `avatar`, `dept_id`, `post_id`, `open_id`, `description`, `status`, `version`, `deleted`, `create_time`, `update_time`) VALUES (14, 'test1', '', 'test1', '11111111111', NULL, NULL, NULL, NULL, NULL, 1, 0, 1, '2023-03-29 16:59:28', '2023-04-10 20:57:15');
INSERT INTO `sys_user` (`id`, `username`, `password`, `name`, `phone`, `avatar`, `dept_id`, `post_id`, `open_id`, `description`, `status`, `version`, `deleted`, `create_time`, `update_time`) VALUES (15, 'test2', '', 'test2', 'test2', NULL, NULL, NULL, NULL, NULL, 1, 1, 0, '2023-03-29 17:13:12', '2023-04-09 13:58:42');
COMMIT;

-- ----------------------------
-- Table structure for sys_user_role
-- ----------------------------
DROP TABLE IF EXISTS `sys_user_role`;
CREATE TABLE `sys_user_role` (
  `id` bigint NOT NULL AUTO_INCREMENT COMMENT 'id',
  `role_id` bigint DEFAULT NULL COMMENT 'id',
  `user_id` bigint DEFAULT NULL COMMENT 'id',
  `version` int DEFAULT '1' COMMENT '',
  `deleted` tinyint DEFAULT '0' COMMENT '0: 1:',
  `create_time` timestamp NOT NULL DEFAULT CURRENT_TIMESTAMP COMMENT '',
  `update_time` timestamp NOT NULL DEFAULT CURRENT_TIMESTAMP ON UPDATE CURRENT_TIMESTAMP COMMENT '',
  PRIMARY KEY (`id`),
  KEY `idx_role_id` (`role_id`),
  KEY `idx_admin_id` (`user_id`)
) ENGINE=InnoDB AUTO_INCREMENT=12 DEFAULT CHARSET=utf8mb4 COLLATE=utf8mb4_general_ci COMMENT='';

-- ----------------------------
-- Records of sys_user_role
-- ----------------------------
BEGIN;
INSERT INTO `sys_user_role` (`id`, `role_id`, `user_id`, `version`, `deleted`, `create_time`, `update_time`) VALUES (3, 9, 1, 1, 1, '2023-03-27 20:53:45', '2023-04-09 14:00:55');
INSERT INTO `sys_user_role` (`id`, `role_id`, `user_id`, `version`, `deleted`, `create_time`, `update_time`) VALUES (4, 9, 1, 1, 1, '2023-03-27 20:56:45', '2023-04-09 14:00:55');
INSERT INTO `sys_user_role` (`id`, `role_id`, `user_id`, `version`, `deleted`, `create_time`, `update_time`) VALUES (5, 10, 1, 1, 1, '2023-03-27 20:56:45', '2023-04-09 14:00:55');
INSERT INTO `sys_user_role` (`id`, `role_id`, `user_id`, `version`, `deleted`, `create_time`, `update_time`) VALUES (6, 9, 1, 1, 1, '2023-03-28 17:53:54', '2023-04-09 14:00:55');
INSERT INTO `sys_user_role` (`id`, `role_id`, `user_id`, `version`, `deleted`, `create_time`, `update_time`) VALUES (7, 10, 1, 1, 1, '2023-03-28 17:53:54', '2023-04-09 14:00:55');
INSERT INTO `sys_user_role` (`id`, `role_id`, `user_id`, `version`, `deleted`, `create_time`, `update_time`) VALUES (8, 11, 1, 1, 1, '2023-03-28 17:53:54', '2023-04-09 14:00:55');
INSERT INTO `sys_user_role` (`id`, `role_id`, `user_id`, `version`, `deleted`, `create_time`, `update_time`) VALUES (9, 9, 1, 1, 0, '2023-03-28 17:55:34', '2023-04-09 14:00:55');
INSERT INTO `sys_user_role` (`id`, `role_id`, `user_id`, `version`, `deleted`, `create_time`, `update_time`) VALUES (10, 10, 1, 1, 0, '2023-03-28 17:55:34', '2023-04-09 14:00:55');
INSERT INTO `sys_user_role` (`id`, `role_id`, `user_id`, `version`, `deleted`, `create_time`, `update_time`) VALUES (11, 11, 1, 1, 0, '2023-03-28 17:55:34', '2023-04-09 14:00:55');
COMMIT;

-- ----------------------------
-- Table structure for wechat_menu
-- ----------------------------
DROP TABLE IF EXISTS `wechat_menu`;
CREATE TABLE `wechat_menu` (
  `id` bigint NOT NULL AUTO_INCREMENT COMMENT '',
  `parent_id` bigint DEFAULT NULL COMMENT 'id',
  `name` varchar(50) DEFAULT NULL COMMENT '',
  `type` varchar(10) CHARACTER SET utf8mb3 COLLATE utf8mb3_general_ci DEFAULT NULL COMMENT 'viewclickminiprogram',
  `url` varchar(100) DEFAULT NULL COMMENT ' ',
  `meun_key` varchar(20) DEFAULT NULL COMMENT 'KEY',
  `sort` tinyint DEFAULT NULL COMMENT '',
  `version` int DEFAULT '1' COMMENT '',
  `deleted` tinyint DEFAULT '0' COMMENT '0: 1:',
  `create_time` timestamp NOT NULL DEFAULT CURRENT_TIMESTAMP COMMENT '',
  `update_time` timestamp NOT NULL DEFAULT CURRENT_TIMESTAMP ON UPDATE CURRENT_TIMESTAMP COMMENT '',
  PRIMARY KEY (`id`)
) ENGINE=InnoDB AUTO_INCREMENT=11 DEFAULT CHARSET=utf8mb3 COMMENT='';

-- ----------------------------
-- Records of wechat_menu
-- ----------------------------
BEGIN;
INSERT INTO `wechat_menu` (`id`, `parent_id`, `name`, `type`, `url`, `meun_key`, `sort`, `version`, `deleted`, `create_time`, `update_time`) VALUES (2, 0, '', NULL, NULL, NULL, 1, 1, 0, '2022-12-13 09:23:30', '2022-12-13 09:29:22');
INSERT INTO `wechat_menu` (`id`, `parent_id`, `name`, `type`, `url`, `meun_key`, `sort`, `version`, `deleted`, `create_time`, `update_time`) VALUES (3, 0, '', 'view', '/', NULL, 2, 1, 0, '2022-12-13 09:23:44', '2022-12-13 09:54:20');
INSERT INTO `wechat_menu` (`id`, `parent_id`, `name`, `type`, `url`, `meun_key`, `sort`, `version`, `deleted`, `create_time`, `update_time`) VALUES (4, 0, '', NULL, NULL, NULL, 3, 1, 0, '2022-12-13 09:23:52', '2022-12-13 09:29:24');
INSERT INTO `wechat_menu` (`id`, `parent_id`, `name`, `type`, `url`, `meun_key`, `sort`, `version`, `deleted`, `create_time`, `update_time`) VALUES (5, 2, '', 'view', '/list/0', '', 1, 1, 0, '2022-12-13 09:19:56', '2023-05-04 16:04:01');
INSERT INTO `wechat_menu` (`id`, `parent_id`, `name`, `type`, `url`, `meun_key`, `sort`, `version`, `deleted`, `create_time`, `update_time`) VALUES (6, 2, '', 'view', '/list/1', '', 2, 1, 0, '2022-12-13 09:27:00', '2022-12-13 09:29:28');
INSERT INTO `wechat_menu` (`id`, `parent_id`, `name`, `type`, `url`, `meun_key`, `sort`, `version`, `deleted`, `create_time`, `update_time`) VALUES (7, 2, '', 'view', '/list/2', '', 3, 1, 0, '2022-12-13 09:27:30', '2023-05-06 12:44:46');
INSERT INTO `wechat_menu` (`id`, `parent_id`, `name`, `type`, `url`, `meun_key`, `sort`, `version`, `deleted`, `create_time`, `update_time`) VALUES (8, 4, '', 'view', '/user', '', 1, 1, 0, '2022-12-13 09:28:47', '2022-12-13 09:28:47');
INSERT INTO `wechat_menu` (`id`, `parent_id`, `name`, `type`, `url`, `meun_key`, `sort`, `version`, `deleted`, `create_time`, `update_time`) VALUES (9, 4, '', 'view', '/about', '', 2, 1, 0, '2022-12-13 09:29:08', '2022-12-13 09:29:32');
INSERT INTO `wechat_menu` (`id`, `parent_id`, `name`, `type`, `url`, `meun_key`, `sort`, `version`, `deleted`, `create_time`, `update_time`) VALUES (10, 4, '', 'view', '/debug', NULL, 3, 1, 0, '2023-05-05 17:07:59', '2023-05-05 17:07:59');
COMMIT;

SET FOREIGN_KEY_CHECKS = 1;
